scenario,name,skl_version,problem,method_name,output_index,fit,conv_options,idtype,predict_kwargs,init_types,n_features,training_time,skl_nop,skl_nnodes,skl_ntrees,skl_max_depth,fit_classes_.shape,fit_n_classes_,fit_n_features_,fit_estimators_.size,fit_estimators_.classes_.shape,fit_estimators_.max|tree_.max_depth,fit_estimators_.n_features_,fit_estimators_.n_classes_,fit_estimators_.sum|tree_.leave_count,fit_estimators_.sum|tree_.node_count,ort_version,prediction_time,assume_finite,bench-skl,opset,convert_time,optim,onx_size,onx_nnodes,onx_ninits,onx_doc_string,onx_ir_version,onx_domain,onx_model_version,onx_producer_name,onx_producer_version,onx_,onx_ai.onnx.ml,onx_op_Cast,onx_op_ZipMap,onx_size_optim,onx_nnodes_optim,onx_ninits_optim,domain_opset_,domain_opset_ai.onnx.ml,tostring_time,runtime,ort_run_time_batch,bench-batch,max_rel_diff_batch,available,time-ratio-N=1,time-ratio-N=1-min,time-ratio-N=1-max,time-ratio-N=10,time-ratio-N=10-min,time-ratio-N=10-max,time-ratio-N=100,time-ratio-N=100-min,time-ratio-N=100-max,time-ratio-N=1000,time-ratio-N=1000-min,time-ratio-N=1000-max,time-ratio-N=10000,time-ratio-N=10000-min,time-ratio-N=10000-max,time-ratio-N=100000,time-ratio-N=100000-min,time-ratio-N=100000-max,subfolder,cl,package,fit_estimators_.n_classes_.shape,onx_op_Reshape,_5ort_load_exc,available-ERROR
default,RandomForestClassifier,0.22.2.post1,b-cl,predict_proba,1,True,{},float32,{},"[('X', array([[5.181278  , 3.2508938 , 0.8796077 , 0.04524896]], dtype=float32))]",4,0.02096370000000114,11,60,10,3,2.0,2,4,10,2.0,3,4,2,35,60,0.3,0.0011868999999986585,True,"{1: {'average': 0.0010569049999999982, 'deviation': 6.30515610785695e-05, 'min_exec': 0.0009745599999999873, 'max_exec': 0.001321916666666656, 'repeat': 40, 'number': 60, 'total': 2.536571999999996}, 10: {'average': 0.0010426890625000007, 'deviation': 3.6269316218604356e-05, 'min_exec': 0.0009968524999999673, 'max_exec': 0.001178535000000025, 'repeat': 40, 'number': 40, 'total': 1.6683025000000011}, 100: {'average': 0.0010876506250000139, 'deviation': 1.6801183098688254e-05, 'min_exec': 0.0010650125000000177, 'max_exec': 0.0011219749999999973, 'repeat': 10, 'number': 16, 'total': 0.17402410000000224}, 1000: {'average': 0.0015961929999999927, 'deviation': 7.346755053081983e-05, 'min_exec': 0.001502289999999995, 'max_exec': 0.0017431099999999588, 'repeat': 10, 'number': 10, 'total': 0.15961929999999924}, 10000: {'average': 0.005620638888888813, 'deviation': 0.00014688058127039177, 'min_exec': 0.005508866666666575, 'max_exec': 0.005939983333333269, 'repeat': 6, 'number': 6, 'total': 0.20234299999999728}, 100000: {'average': 0.0580548249999997, 'deviation': 0.0018867249999998735, 'min_exec': 0.05616809999999983, 'max_exec': 0.059941549999999566, 'repeat': 2, 'number': 2, 'total': 0.2322192999999988}}",11,0.07905110000000093,,2979,3,0,,6,ai.onnx,0,skl2onnx,1.6.995,9.0,1,1.0,1.0,2983,3,0,9.0,1,0.24106450000000024,python_compiled,0.002904600000000812,"{1: {'average': 1.8505041666666187e-05, 'deviation': 4.512055064047544e-06, 'min_exec': 1.342000000003433e-05, 'max_exec': 3.997000000002989e-05, 'repeat': 40, 'number': 60, 'total': 0.044412099999998844}, 10: {'average': 2.3478374999992282e-05, 'deviation': 5.730520497470177e-06, 'min_exec': 1.527999999995089e-05, 'max_exec': 4.073250000002915e-05, 'repeat': 40, 'number': 40, 'total': 0.03756539999998765}, 100: {'average': 2.734375000001954e-05, 'deviation': 1.7895071773020184e-06, 'min_exec': 2.585624999995595e-05, 'max_exec': 3.1762500000143135e-05, 'repeat': 10, 'number': 16, 'total': 0.004375000000003126}, 1000: {'average': 8.556299999995077e-05, 'deviation': 2.6756978547600483e-05, 'min_exec': 7.266999999977486e-05, 'max_exec': 0.00016532999999974152, 'repeat': 10, 'number': 10, 'total': 0.008556299999995076}, 10000: {'average': 0.0007591944444444505, 'deviation': 0.00017655415695912418, 'min_exec': 0.000595283333333659, 'max_exec': 0.0010781000000002667, 'repeat': 6, 'number': 6, 'total': 0.027331000000000216}, 100000: {'average': 0.005930100000000493, 'deviation': 0.00010509999999899769, 'min_exec': 0.005825000000001523, 'max_exec': 0.006035199999999463, 'repeat': 2, 'number': 2, 'total': 0.023720400000001973}}",2.384185791015625e-07,OK-9/1,0.017508708603579524,0.010151925865247007,0.041013380397338706,0.022517139427644342,0.012965249228873613,0.04086111034484087,0.02514019609929355,0.023045299583284842,0.029823593619927098,0.05360442001684706,0.04168985319330196,0.1100519872992179,0.1350726242074131,0.10021633057337402,0.19570268536788293,0.10214654854270122,0.09717800090257202,0.10744889002831645,ensemble,<class 'sklearn.ensemble._forest.RandomForestClassifier'>,sklearn,,,,
default,RandomForestClassifier,0.22.2.post1,b-cl,predict_proba,1,True,{},float32,{},"[('X', array([[5.181278  , 3.2508938 , 0.8796077 , 0.04524896]], dtype=float32))]",4,0.02096370000000114,11,60,10,3,2.0,2,4,10,2.0,3,4,2,35,60,0.3,0.0011868999999986585,True,"{1: {'average': 0.0010569049999999982, 'deviation': 6.30515610785695e-05, 'min_exec': 0.0009745599999999873, 'max_exec': 0.001321916666666656, 'repeat': 40, 'number': 60, 'total': 2.536571999999996}, 10: {'average': 0.0010426890625000007, 'deviation': 3.6269316218604356e-05, 'min_exec': 0.0009968524999999673, 'max_exec': 0.001178535000000025, 'repeat': 40, 'number': 40, 'total': 1.6683025000000011}, 100: {'average': 0.0010876506250000139, 'deviation': 1.6801183098688254e-05, 'min_exec': 0.0010650125000000177, 'max_exec': 0.0011219749999999973, 'repeat': 10, 'number': 16, 'total': 0.17402410000000224}, 1000: {'average': 0.0015961929999999927, 'deviation': 7.346755053081983e-05, 'min_exec': 0.001502289999999995, 'max_exec': 0.0017431099999999588, 'repeat': 10, 'number': 10, 'total': 0.15961929999999924}, 10000: {'average': 0.005620638888888813, 'deviation': 0.00014688058127039177, 'min_exec': 0.005508866666666575, 'max_exec': 0.005939983333333269, 'repeat': 6, 'number': 6, 'total': 0.20234299999999728}, 100000: {'average': 0.0580548249999997, 'deviation': 0.0018867249999998735, 'min_exec': 0.05616809999999983, 'max_exec': 0.059941549999999566, 'repeat': 2, 'number': 2, 'total': 0.2322192999999988}}",11,0.023047699999999338,,2979,3,0,,6,ai.onnx,0,skl2onnx,1.6.995,9.0,1,1.0,1.0,2983,3,0,9.0,1,0.6019329000000013,onnxruntime1,0.0003047999999985507,"{1: {'average': 2.114150000000296e-05, 'deviation': 2.863727824976613e-06, 'min_exec': 1.8500000000010174e-05, 'max_exec': 3.0293333333375472e-05, 'repeat': 40, 'number': 60, 'total': 0.0507396000000071}, 10: {'average': 2.899899999999179e-05, 'deviation': 3.9748551388652505e-06, 'min_exec': 2.619499999996222e-05, 'max_exec': 4.4874999999944265e-05, 'repeat': 40, 'number': 40, 'total': 0.04639839999998685}, 100: {'average': 9.885312500002019e-05, 'deviation': 7.247681337187675e-06, 'min_exec': 9.213124999996047e-05, 'max_exec': 0.00011809999999989884, 'repeat': 10, 'number': 16, 'total': 0.01581650000000323}, 1000: {'average': 0.0008463229999999911, 'deviation': 5.746222429562862e-05, 'min_exec': 0.0007706100000000049, 'max_exec': 0.000954150000000098, 'repeat': 10, 'number': 10, 'total': 0.0846322999999991}, 10000: {'average': 0.00973243055555548, 'deviation': 0.000229535364098539, 'min_exec': 0.009474416666666485, 'max_exec': 0.010071949999999793, 'repeat': 6, 'number': 6, 'total': 0.3503674999999973}, 100000: {'average': 0.11959627500000014, 'deviation': 0.0007220750000002355, 'min_exec': 0.11887420000000049, 'max_exec': 0.1203183499999998, 'repeat': 2, 'number': 2, 'total': 0.47838510000000056}}",2.384185791015625e-07,OK-9/1,0.020003216940030558,0.01399483073820361,0.031084113172483857,0.027811742774458966,0.022226747614590713,0.04501669003182089,0.09088683693811965,0.08211524320948389,0.11089071724500593,0.5302134516314725,0.4420891395264918,0.6351303676388055,1.7315523640551045,1.595024116229269,1.8283161690849832,2.0600574543115195,1.9831686034145155,2.1421118036750424,ensemble,<class 'sklearn.ensemble._forest.RandomForestClassifier'>,sklearn,,,,
default,RandomForestClassifier,0.22.2.post1,b-cl,predict_proba,1,True,{},float32,{},"[('X', array([[ 4.1083810e-01,  2.6304731e-01,  1.3721450e-01, -1.7567504e-03,
         5.1964874e+00,  3.2427704e+00,  8.4761304e-01, -2.4602504e-02,
         5.2069993e+00,  3.2651100e+00,  1.0321470e+00,  1.6901278e-01,
         5.1887398e+00,  3.2468615e+00,  9.0747643e-01,  9.0821601e-02,
         5.2152643e+00,  3.2097692e+00,  8.9097136e-01,  3.4887988e-02,
         5.1805882e+00,  3.2566366e+00,  9.8206997e-01,  3.9286662e-02,
         5.1143999e+00,  3.2421827e+00,  9.1437185e-01,  8.2414784e-02,
         5.1235404e+00,  3.1717598e+00,  8.0250973e-01,  1.5948552e-01,
         5.1670718e+00,  3.2486389e+00,  8.9558423e-01,  3.3958059e-02,
         5.1506152e+00,  3.2189939e+00,  5.8342332e-01, -6.4902149e-02,
         5.1644597e+00,  3.2736051e+00,  8.6621600e-01, -5.1090112e-03,
         5.1118765e+00,  3.2684355e+00,  9.2872828e-01,  9.5820501e-02,
         5.1956811e+00,  3.1972427e+00]], dtype=float32))]",50,0.013877400000001927,11,34,10,2,2.0,2,50,10,2.0,2,50,2,22,34,0.3,0.0011250999999994349,True,"{1: {'average': 0.0010135035833333385, 'deviation': 5.488753150325476e-05, 'min_exec': 0.0009676750000000567, 'max_exec': 0.0013194916666666502, 'repeat': 40, 'number': 60, 'total': 2.432408600000013}, 10: {'average': 0.001036752749999994, 'deviation': 4.886176879985164e-05, 'min_exec': 0.0009864600000000223, 'max_exec': 0.001213115000000009, 'repeat': 40, 'number': 40, 'total': 1.6588043999999904}, 100: {'average': 0.0010969125000000134, 'deviation': 5.1447737893677805e-05, 'min_exec': 0.0010588312500001695, 'max_exec': 0.001224587500000096, 'repeat': 10, 'number': 16, 'total': 0.17550600000000216}, 1000: {'average': 0.0016854780000000245, 'deviation': 0.00013861816950172932, 'min_exec': 0.0015206100000000333, 'max_exec': 0.0019476100000002106, 'repeat': 10, 'number': 10, 'total': 0.16854780000000247}, 10000: {'average': 0.007662547222222138, 'deviation': 0.00023455883085291351, 'min_exec': 0.007387216666667011, 'max_exec': 0.008136449999999703, 'repeat': 6, 'number': 6, 'total': 0.2758516999999969}, 100000: {'average': 0.08442225000000025, 'deviation': 0.004399300000000225, 'min_exec': 0.08002295000000004, 'max_exec': 0.08882155000000047, 'repeat': 2, 'number': 2, 'total': 0.337689000000001}}",11,0.019047499999999218,,2024,3,0,,6,ai.onnx,0,skl2onnx,1.6.995,9.0,1,1.0,1.0,2028,3,0,9.0,1,0.0011094000000007043,python_compiled,7.62999999999181e-05,"{1: {'average': 1.8932000000001875e-05, 'deviation': 3.110006837256722e-06, 'min_exec': 1.672166666667844e-05, 'max_exec': 3.0723333333367483e-05, 'repeat': 40, 'number': 60, 'total': 0.045436800000004496}, 10: {'average': 2.057706249999791e-05, 'deviation': 3.8183945369532266e-06, 'min_exec': 1.838499999999854e-05, 'max_exec': 3.8669999999996206e-05, 'repeat': 40, 'number': 40, 'total': 0.03292329999999666}, 100: {'average': 2.627125000003172e-05, 'deviation': 8.673018505321059e-07, 'min_exec': 2.564375000013719e-05, 'max_exec': 2.8724999999951706e-05, 'repeat': 10, 'number': 16, 'total': 0.004203400000005075}, 1000: {'average': 8.767199999997644e-05, 'deviation': 3.8527635224667686e-05, 'min_exec': 7.114999999977556e-05, 'max_exec': 0.00020121000000017375, 'repeat': 10, 'number': 10, 'total': 0.008767199999997644}, 10000: {'average': 0.0005976027777778725, 'deviation': 0.00010031407872503753, 'min_exec': 0.0005053666666666364, 'max_exec': 0.0007917833333337398, 'repeat': 6, 'number': 6, 'total': 0.02151370000000341}, 100000: {'average': 0.00849220000000006, 'deviation': 0.0005668999999999262, 'min_exec': 0.007925300000000135, 'max_exec': 0.009059099999999987, 'repeat': 2, 'number': 2, 'total': 0.03396880000000024}}",2.384185791015625e-07,OK-9/1,0.018679756353436782,0.012672809604717965,0.03174964046127644,0.019847608313552128,0.015155199630701463,0.03920077854144652,0.023950178341509826,0.02094072493809971,0.02712896885121884,0.052016104630244454,0.03653195454930293,0.13232189713349862,0.07799009395266966,0.062111444999558146,0.10718290380008297,0.10059196479601094,0.08922722019600078,0.11320627395016032,ensemble,<class 'sklearn.ensemble._forest.RandomForestClassifier'>,sklearn,,,,
default,RandomForestClassifier,0.22.2.post1,b-cl,predict_proba,1,True,{},float32,{},"[('X', array([[ 4.1083810e-01,  2.6304731e-01,  1.3721450e-01, -1.7567504e-03,
         5.1964874e+00,  3.2427704e+00,  8.4761304e-01, -2.4602504e-02,
         5.2069993e+00,  3.2651100e+00,  1.0321470e+00,  1.6901278e-01,
         5.1887398e+00,  3.2468615e+00,  9.0747643e-01,  9.0821601e-02,
         5.2152643e+00,  3.2097692e+00,  8.9097136e-01,  3.4887988e-02,
         5.1805882e+00,  3.2566366e+00,  9.8206997e-01,  3.9286662e-02,
         5.1143999e+00,  3.2421827e+00,  9.1437185e-01,  8.2414784e-02,
         5.1235404e+00,  3.1717598e+00,  8.0250973e-01,  1.5948552e-01,
         5.1670718e+00,  3.2486389e+00,  8.9558423e-01,  3.3958059e-02,
         5.1506152e+00,  3.2189939e+00,  5.8342332e-01, -6.4902149e-02,
         5.1644597e+00,  3.2736051e+00,  8.6621600e-01, -5.1090112e-03,
         5.1118765e+00,  3.2684355e+00,  9.2872828e-01,  9.5820501e-02,
         5.1956811e+00,  3.1972427e+00]], dtype=float32))]",50,0.013877400000001927,11,34,10,2,2.0,2,50,10,2.0,2,50,2,22,34,0.3,0.0011250999999994349,True,"{1: {'average': 0.0010135035833333385, 'deviation': 5.488753150325476e-05, 'min_exec': 0.0009676750000000567, 'max_exec': 0.0013194916666666502, 'repeat': 40, 'number': 60, 'total': 2.432408600000013}, 10: {'average': 0.001036752749999994, 'deviation': 4.886176879985164e-05, 'min_exec': 0.0009864600000000223, 'max_exec': 0.001213115000000009, 'repeat': 40, 'number': 40, 'total': 1.6588043999999904}, 100: {'average': 0.0010969125000000134, 'deviation': 5.1447737893677805e-05, 'min_exec': 0.0010588312500001695, 'max_exec': 0.001224587500000096, 'repeat': 10, 'number': 16, 'total': 0.17550600000000216}, 1000: {'average': 0.0016854780000000245, 'deviation': 0.00013861816950172932, 'min_exec': 0.0015206100000000333, 'max_exec': 0.0019476100000002106, 'repeat': 10, 'number': 10, 'total': 0.16854780000000247}, 10000: {'average': 0.007662547222222138, 'deviation': 0.00023455883085291351, 'min_exec': 0.007387216666667011, 'max_exec': 0.008136449999999703, 'repeat': 6, 'number': 6, 'total': 0.2758516999999969}, 100000: {'average': 0.08442225000000025, 'deviation': 0.004399300000000225, 'min_exec': 0.08002295000000004, 'max_exec': 0.08882155000000047, 'repeat': 2, 'number': 2, 'total': 0.337689000000001}}",11,0.023529800000002155,,2024,3,0,,6,ai.onnx,0,skl2onnx,1.6.995,9.0,1,1.0,1.0,2028,3,0,9.0,1,0.003062799999998589,onnxruntime1,0.0001832000000021594,"{1: {'average': 3.4364750000001426e-05, 'deviation': 1.0600909431312495e-05, 'min_exec': 1.919999999995999e-05, 'max_exec': 4.929333333336672e-05, 'repeat': 40, 'number': 60, 'total': 0.08247540000000342}, 10: {'average': 3.3652374999999514e-05, 'deviation': 1.3669857019065809e-05, 'min_exec': 2.5890000000039493e-05, 'max_exec': 9.823749999995356e-05, 'repeat': 40, 'number': 40, 'total': 0.05384379999999922}, 100: {'average': 0.00010923375000002623, 'deviation': 4.141783434175146e-05, 'min_exec': 9.103750000005739e-05, 'max_exec': 0.0002326999999999746, 'repeat': 10, 'number': 16, 'total': 0.017477400000004195}, 1000: {'average': 0.0008995350000000001, 'deviation': 0.00010789285798884854, 'min_exec': 0.0007680900000000435, 'max_exec': 0.0011349200000001503, 'repeat': 10, 'number': 10, 'total': 0.08995350000000002}, 10000: {'average': 0.012071497222222128, 'deviation': 0.002415978762312757, 'min_exec': 0.009929483333333286, 'max_exec': 0.017011416666666907, 'repeat': 6, 'number': 6, 'total': 0.4345738999999966}, 100000: {'average': 0.11901210000000084, 'deviation': 0.0014897999999994832, 'min_exec': 0.11752230000000097, 'max_exec': 0.12050190000000072, 'repeat': 2, 'number': 2, 'total': 0.47604840000000337}}",2.384185791015625e-07,OK-9/1,0.03390688554546428,0.014551058172624733,0.050939967792248256,0.03245940268786334,0.021341752430758257,0.09958589299105017,0.09958292024206569,0.07434135984570335,0.21977061972806086,0.5336972657014728,0.3943756706938044,0.7463583693387031,1.5753896024566874,1.2203704727901785,2.3028181565902512,1.4097243321517785,1.3231282273277187,1.5058417616446365,ensemble,<class 'sklearn.ensemble._forest.RandomForestClassifier'>,sklearn,,,,
default,RandomForestClassifier,0.22.2.post1,m-cl,predict_proba,1,True,{},float32,{},"[('X', array([[5.181278  , 3.2508938 , 0.8796077 , 0.04524896]], dtype=float32))]",4,0.013596499999998457,11,222,10,8,3.0,3,4,10,3.0,8,4,3,116,222,0.3,0.0012011999999970158,True,"{1: {'average': 0.001062665208333334, 'deviation': 0.00016147012997085747, 'min_exec': 0.0009707216666666814, 'max_exec': 0.001990226666666691, 'repeat': 40, 'number': 60, 'total': 2.5503965000000015}, 10: {'average': 0.0010436655000000037, 'deviation': 6.081197106964036e-05, 'min_exec': 0.0009907049999999806, 'max_exec': 0.0013124424999999996, 'repeat': 40, 'number': 40, 'total': 1.6698648000000063}, 100: {'average': 0.0011694868750000253, 'deviation': 0.00020165645053550122, 'min_exec': 0.0010638312499999802, 'max_exec': 0.0017712125000000079, 'repeat': 10, 'number': 16, 'total': 0.18711790000000406}, 1000: {'average': 0.001653808999999953, 'deviation': 3.121430167404574e-05, 'min_exec': 0.0016127400000002013, 'max_exec': 0.001718179999999947, 'repeat': 10, 'number': 10, 'total': 0.16538089999999528}, 10000: {'average': 0.006283969444444439, 'deviation': 6.672837381414219e-05, 'min_exec': 0.006186066666667027, 'max_exec': 0.006404849999999722, 'repeat': 6, 'number': 6, 'total': 0.22622289999999978}, 100000: {'average': 0.06907382500000026, 'deviation': 0.0009318250000004486, 'min_exec': 0.06814199999999992, 'max_exec': 0.07000565000000059, 'repeat': 2, 'number': 2, 'total': 0.276295300000001}}",11,0.020303600000001865,,11451,3,0,,6,ai.onnx,0,skl2onnx,1.6.995,9.0,1,1.0,1.0,11455,3,0,9.0,1,0.002048500000000786,python_compiled,0.00011020000000172558,"{1: {'average': 1.809162499999554e-05, 'deviation': 1.2441813175905e-06, 'min_exec': 1.726000000002633e-05, 'max_exec': 2.2063333333299794e-05, 'repeat': 40, 'number': 60, 'total': 0.0434198999999893}, 10: {'average': 2.1497749999996872e-05, 'deviation': 1.7727263430987818e-06, 'min_exec': 2.0805000000034825e-05, 'max_exec': 3.168750000002163e-05, 'repeat': 40, 'number': 40, 'total': 0.034396399999995}, 100: {'average': 3.0461250000035632e-05, 'deviation': 2.0527816493737265e-06, 'min_exec': 2.9243750000018665e-05, 'max_exec': 3.5224999999972084e-05, 'repeat': 10, 'number': 16, 'total': 0.004873800000005701}, 1000: {'average': 0.00010911400000001236, 'deviation': 1.792107987816679e-05, 'min_exec': 9.766000000013264e-05, 'max_exec': 0.00016058000000001015, 'repeat': 10, 'number': 10, 'total': 0.010911400000001237}, 10000: {'average': 0.0008931444444444381, 'deviation': 8.976534154789133e-05, 'min_exec': 0.0007672833333334239, 'max_exec': 0.0010637333333332795, 'repeat': 6, 'number': 6, 'total': 0.03215319999999977}, 100000: {'average': 0.010720799999999642, 'deviation': 0.0018226000000005644, 'min_exec': 0.008898199999999079, 'max_exec': 0.012543400000000204, 'repeat': 2, 'number': 2, 'total': 0.04288319999999857}}",1.1920928955078125e-07,OK-9/1,0.01702476458071883,0.008672379025517757,0.022728794556592217,0.0205983143066402,0.0158521230454171,0.0319847987039757,0.026046679660286887,0.016510582440005667,0.03311145447172448,0.06597738916647294,0.05683921358654835,0.09956967645125073,0.14213061542399022,0.11979723698969644,0.171956331971832,0.15520785188889716,0.12710688351581628,0.18407736784949397,ensemble,<class 'sklearn.ensemble._forest.RandomForestClassifier'>,sklearn,,,,
default,RandomForestClassifier,0.22.2.post1,m-cl,predict_proba,1,True,{},float32,{},"[('X', array([[5.181278  , 3.2508938 , 0.8796077 , 0.04524896]], dtype=float32))]",4,0.013596499999998457,11,222,10,8,3.0,3,4,10,3.0,8,4,3,116,222,0.3,0.0012011999999970158,True,"{1: {'average': 0.001062665208333334, 'deviation': 0.00016147012997085747, 'min_exec': 0.0009707216666666814, 'max_exec': 0.001990226666666691, 'repeat': 40, 'number': 60, 'total': 2.5503965000000015}, 10: {'average': 0.0010436655000000037, 'deviation': 6.081197106964036e-05, 'min_exec': 0.0009907049999999806, 'max_exec': 0.0013124424999999996, 'repeat': 40, 'number': 40, 'total': 1.6698648000000063}, 100: {'average': 0.0011694868750000253, 'deviation': 0.00020165645053550122, 'min_exec': 0.0010638312499999802, 'max_exec': 0.0017712125000000079, 'repeat': 10, 'number': 16, 'total': 0.18711790000000406}, 1000: {'average': 0.001653808999999953, 'deviation': 3.121430167404574e-05, 'min_exec': 0.0016127400000002013, 'max_exec': 0.001718179999999947, 'repeat': 10, 'number': 10, 'total': 0.16538089999999528}, 10000: {'average': 0.006283969444444439, 'deviation': 6.672837381414219e-05, 'min_exec': 0.006186066666667027, 'max_exec': 0.006404849999999722, 'repeat': 6, 'number': 6, 'total': 0.22622289999999978}, 100000: {'average': 0.06907382500000026, 'deviation': 0.0009318250000004486, 'min_exec': 0.06814199999999992, 'max_exec': 0.07000565000000059, 'repeat': 2, 'number': 2, 'total': 0.276295300000001}}",11,0.03691159999999982,,11451,3,0,,6,ai.onnx,0,skl2onnx,1.6.995,9.0,1,1.0,1.0,11455,3,0,9.0,1,0.005030099999999038,onnxruntime1,0.0002080000000006521,"{1: {'average': 3.0495708333330523e-05, 'deviation': 9.553139215636914e-06, 'min_exec': 1.9598333333329757e-05, 'max_exec': 4.346833333338888e-05, 'repeat': 40, 'number': 60, 'total': 0.07318969999999325}, 10: {'average': 3.0027250000004282e-05, 'deviation': 3.5152709177289514e-06, 'min_exec': 2.77025000000819e-05, 'max_exec': 4.3375000000001054e-05, 'repeat': 40, 'number': 40, 'total': 0.04804360000000685}, 100: {'average': 0.0001184593750000129, 'deviation': 1.0998196673902018e-05, 'min_exec': 0.00011030000000000761, 'max_exec': 0.00014979999999997773, 'repeat': 10, 'number': 16, 'total': 0.018953500000002066}, 1000: {'average': 0.0011083700000000362, 'deviation': 0.00012949233544885545, 'min_exec': 0.0009560099999998073, 'max_exec': 0.0014028899999999566, 'repeat': 10, 'number': 10, 'total': 0.11083700000000363}, 10000: {'average': 0.011457516666666834, 'deviation': 0.0005932156071563333, 'min_exec': 0.010881633333333696, 'max_exec': 0.012472749999999996, 'repeat': 6, 'number': 6, 'total': 0.412470600000006}, 100000: {'average': 0.14198590000000078, 'deviation': 0.0028389500000000813, 'min_exec': 0.13914695000000066, 'max_exec': 0.1448248500000009, 'repeat': 2, 'number': 2, 'total': 0.5679436000000031}}",1.1920928955078125e-07,OK-9/1,0.028697380975857365,0.00984728707617701,0.04477939951897116,0.02877095199563862,0.021107591380256207,0.04378195325551189,0.10129175241920552,0.06227372492007996,0.1408118063837479,0.6701922652495347,0.5564085252999318,0.8698798318388467,1.8232928673445807,1.6989677093662097,2.01626504725662,2.055567358547181,1.9876531394251677,2.1253389979748327,ensemble,<class 'sklearn.ensemble._forest.RandomForestClassifier'>,sklearn,,,,
default,RandomForestClassifier,0.22.2.post1,m-cl,predict_proba,1,True,{},float32,{},"[('X', array([[ 4.1083810e-01,  2.6304731e-01,  1.3721450e-01, -1.7567504e-03,
         5.1964874e+00,  3.2427704e+00,  8.4761304e-01, -2.4602504e-02,
         5.2069993e+00,  3.2651100e+00,  1.0321470e+00,  1.6901278e-01,
         5.1887398e+00,  3.2468615e+00,  9.0747643e-01,  9.0821601e-02,
         5.2152643e+00,  3.2097692e+00,  8.9097136e-01,  3.4887988e-02,
         5.1805882e+00,  3.2566366e+00,  9.8206997e-01,  3.9286662e-02,
         5.1143999e+00,  3.2421827e+00,  9.1437185e-01,  8.2414784e-02,
         5.1235404e+00,  3.1717598e+00,  8.0250973e-01,  1.5948552e-01,
         5.1670718e+00,  3.2486389e+00,  8.9558423e-01,  3.3958059e-02,
         5.1506152e+00,  3.2189939e+00,  5.8342332e-01, -6.4902149e-02,
         5.1644597e+00,  3.2736051e+00,  8.6621600e-01, -5.1090112e-03,
         5.1118765e+00,  3.2684355e+00,  9.2872828e-01,  9.5820501e-02,
         5.1956811e+00,  3.1972427e+00]], dtype=float32))]",50,0.01430610000000243,11,162,10,7,3.0,3,50,10,3.0,7,50,3,86,162,0.3,0.0011263000000028,True,"{1: {'average': 0.0010147561249999938, 'deviation': 4.669299009424804e-05, 'min_exec': 0.0009762116666666524, 'max_exec': 0.001211536666666646, 'repeat': 40, 'number': 60, 'total': 2.435414699999985}, 10: {'average': 0.001036922687499988, 'deviation': 4.368612398543088e-05, 'min_exec': 0.0010025125000000302, 'max_exec': 0.0012164699999999585, 'repeat': 40, 'number': 40, 'total': 1.659076299999981}, 100: {'average': 0.0011177168749999743, 'deviation': 3.8971430045184105e-05, 'min_exec': 0.001080824999999841, 'max_exec': 0.0012231437499998776, 'repeat': 10, 'number': 16, 'total': 0.1788346999999959}, 1000: {'average': 0.0017062389999999538, 'deviation': 2.8401694121828647e-05, 'min_exec': 0.0016485600000002876, 'max_exec': 0.0017571999999994147, 'repeat': 10, 'number': 10, 'total': 0.1706238999999954}, 10000: {'average': 0.008483791666667054, 'deviation': 0.00032635301151523005, 'min_exec': 0.008265433333333997, 'max_exec': 0.009208983333333975, 'repeat': 6, 'number': 6, 'total': 0.30541650000001397}, 100000: {'average': 0.08962827500000081, 'deviation': 0.0008579249999995271, 'min_exec': 0.08877035000000078, 'max_exec': 0.09048620000000085, 'repeat': 2, 'number': 2, 'total': 0.35851310000000325}}",11,0.02149459999999692,,8601,3,0,,6,ai.onnx,0,skl2onnx,1.6.995,9.0,1,1.0,1.0,8605,3,0,9.0,1,0.0019932000000011385,python_compiled,0.00013089999999493784,"{1: {'average': 1.7712208333338823e-05, 'deviation': 1.0563324515822573e-06, 'min_exec': 1.6986666666696236e-05, 'max_exec': 2.1056666666652292e-05, 'repeat': 40, 'number': 60, 'total': 0.042509300000013184}, 10: {'average': 2.1601749999997646e-05, 'deviation': 1.3985227921000269e-06, 'min_exec': 2.05624999999543e-05, 'max_exec': 2.7099999999968817e-05, 'repeat': 40, 'number': 40, 'total': 0.03456279999999623}, 100: {'average': 3.0210624999993386e-05, 'deviation': 6.917993408561408e-07, 'min_exec': 2.9643750000030167e-05, 'max_exec': 3.201874999980703e-05, 'repeat': 10, 'number': 16, 'total': 0.004833699999998942}, 1000: {'average': 0.0001107750000000607, 'deviation': 1.483125230725242e-05, 'min_exec': 0.00010011999999974819, 'max_exec': 0.00014658000000054017, 'repeat': 10, 'number': 10, 'total': 0.011077500000006069}, 10000: {'average': 0.0008792333333330998, 'deviation': 9.568566836079469e-05, 'min_exec': 0.0007798333333326468, 'max_exec': 0.001076000000000003, 'repeat': 6, 'number': 6, 'total': 0.03165239999999159}, 100000: {'average': 0.011873174999999847, 'deviation': 0.0024219249999983842, 'min_exec': 0.009451250000001465, 'max_exec': 0.014295099999998229, 'repeat': 2, 'number': 2, 'total': 0.04749269999999939}}",1.1920928955078125e-07,OK-9/1,0.017454645403927896,0.014020761512263924,0.021569775680464722,0.020832556043381873,0.016903417264671552,0.0270320818942088,0.02702887079520391,0.024235704102672423,0.029624361020342552,0.06492349547751733,0.05697700887763575,0.08891396127560695,0.10363683690956496,0.08468180526615415,0.1301807124449918,0.13247130997444434,0.10444962878318878,0.16103462473672914,ensemble,<class 'sklearn.ensemble._forest.RandomForestClassifier'>,sklearn,,,,
default,RandomForestClassifier,0.22.2.post1,m-cl,predict_proba,1,True,{},float32,{},"[('X', array([[ 4.1083810e-01,  2.6304731e-01,  1.3721450e-01, -1.7567504e-03,
         5.1964874e+00,  3.2427704e+00,  8.4761304e-01, -2.4602504e-02,
         5.2069993e+00,  3.2651100e+00,  1.0321470e+00,  1.6901278e-01,
         5.1887398e+00,  3.2468615e+00,  9.0747643e-01,  9.0821601e-02,
         5.2152643e+00,  3.2097692e+00,  8.9097136e-01,  3.4887988e-02,
         5.1805882e+00,  3.2566366e+00,  9.8206997e-01,  3.9286662e-02,
         5.1143999e+00,  3.2421827e+00,  9.1437185e-01,  8.2414784e-02,
         5.1235404e+00,  3.1717598e+00,  8.0250973e-01,  1.5948552e-01,
         5.1670718e+00,  3.2486389e+00,  8.9558423e-01,  3.3958059e-02,
         5.1506152e+00,  3.2189939e+00,  5.8342332e-01, -6.4902149e-02,
         5.1644597e+00,  3.2736051e+00,  8.6621600e-01, -5.1090112e-03,
         5.1118765e+00,  3.2684355e+00,  9.2872828e-01,  9.5820501e-02,
         5.1956811e+00,  3.1972427e+00]], dtype=float32))]",50,0.01430610000000243,11,162,10,7,3.0,3,50,10,3.0,7,50,3,86,162,0.3,0.0011263000000028,True,"{1: {'average': 0.0010147561249999938, 'deviation': 4.669299009424804e-05, 'min_exec': 0.0009762116666666524, 'max_exec': 0.001211536666666646, 'repeat': 40, 'number': 60, 'total': 2.435414699999985}, 10: {'average': 0.001036922687499988, 'deviation': 4.368612398543088e-05, 'min_exec': 0.0010025125000000302, 'max_exec': 0.0012164699999999585, 'repeat': 40, 'number': 40, 'total': 1.659076299999981}, 100: {'average': 0.0011177168749999743, 'deviation': 3.8971430045184105e-05, 'min_exec': 0.001080824999999841, 'max_exec': 0.0012231437499998776, 'repeat': 10, 'number': 16, 'total': 0.1788346999999959}, 1000: {'average': 0.0017062389999999538, 'deviation': 2.8401694121828647e-05, 'min_exec': 0.0016485600000002876, 'max_exec': 0.0017571999999994147, 'repeat': 10, 'number': 10, 'total': 0.1706238999999954}, 10000: {'average': 0.008483791666667054, 'deviation': 0.00032635301151523005, 'min_exec': 0.008265433333333997, 'max_exec': 0.009208983333333975, 'repeat': 6, 'number': 6, 'total': 0.30541650000001397}, 100000: {'average': 0.08962827500000081, 'deviation': 0.0008579249999995271, 'min_exec': 0.08877035000000078, 'max_exec': 0.09048620000000085, 'repeat': 2, 'number': 2, 'total': 0.35851310000000325}}",11,0.03260139999999723,,8601,3,0,,6,ai.onnx,0,skl2onnx,1.6.995,9.0,1,1.0,1.0,8605,3,0,9.0,1,0.004331299999996929,onnxruntime1,0.000201800000006358,"{1: {'average': 3.309537500000737e-05, 'deviation': 8.831018961655733e-06, 'min_exec': 1.9436666666668618e-05, 'max_exec': 4.2874999999990376e-05, 'repeat': 40, 'number': 60, 'total': 0.07942890000001768}, 10: {'average': 2.9043250000002626e-05, 'deviation': 3.2679172074959144e-06, 'min_exec': 2.699249999995601e-05, 'max_exec': 4.2805000000001316e-05, 'repeat': 40, 'number': 40, 'total': 0.04646920000000421}, 100: {'average': 0.00011031437499999796, 'deviation': 4.847056169940555e-06, 'min_exec': 0.00010641250000009705, 'max_exec': 0.00012062499999965226, 'repeat': 10, 'number': 16, 'total': 0.017650299999999675}, 1000: {'average': 0.000940096000000139, 'deviation': 3.103605748157224e-05, 'min_exec': 0.0008917600000003745, 'max_exec': 0.0009890500000004465, 'repeat': 10, 'number': 10, 'total': 0.0940096000000139}, 10000: {'average': 0.010670199999999852, 'deviation': 0.00010834983293182886, 'min_exec': 0.01059588333333276, 'max_exec': 0.010909816666667163, 'repeat': 6, 'number': 6, 'total': 0.3841271999999947}, 100000: {'average': 0.13648292499999926, 'deviation': 0.0016217249999995965, 'min_exec': 0.13486119999999957, 'max_exec': 0.13810464999999894, 'repeat': 2, 'number': 2, 'total': 0.545931699999997}}",1.1920928955078125e-07,OK-9/1,0.03261411701260495,0.016042986730352597,0.043919778326753936,0.028009079510089283,0.02218920318623306,0.042697721973541505,0.0986961702622594,0.08699917732491189,0.11160456133015985,0.5509755667290247,0.5074891873438832,0.5999478332607087,1.2577159387262218,1.1506029438644534,1.3199328125566663,1.5227663926366766,1.4904062718955853,1.5557520050331866,ensemble,<class 'sklearn.ensemble._forest.RandomForestClassifier'>,sklearn,,,,
default,RandomForestClassifier,0.22.2.post1,~m-label,predict_proba,1,True,{},float32,{},"[('X', array([[5.181278  , 3.2508938 , 0.8796077 , 0.04524896]], dtype=float32))]",4,0.014647200000005967,11,550,10,11,,"[2, 2, 2]",4,10,,11,4,2,280,550,0.3,0.00137309999999502,True,"{1: {'average': 0.001223365833333334, 'deviation': 5.242218162826318e-05, 'min_exec': 0.0011885833333333078, 'max_exec': 0.0014318799999999262, 'repeat': 40, 'number': 60, 'total': 2.936078000000002}, 10: {'average': 0.0013375348750000082, 'deviation': 4.749245311083836e-05, 'min_exec': 0.0013011125000000235, 'max_exec': 0.001526950000000049, 'repeat': 40, 'number': 40, 'total': 2.140055800000013}, 100: {'average': 0.001568127499999994, 'deviation': 4.31739306830155e-05, 'min_exec': 0.0014948125000002754, 'max_exec': 0.001631562499999628, 'repeat': 10, 'number': 16, 'total': 0.250900399999999}, 1000: {'average': 0.0032650620000001136, 'deviation': 0.00018320841338770343, 'min_exec': 0.003135920000000425, 'max_exec': 0.003789920000000535, 'repeat': 10, 'number': 10, 'total': 0.3265062000000114}, 10000: {'average': 0.01895406944444448, 'deviation': 0.00022453920581020314, 'min_exec': 0.018730083333333408, 'max_exec': 0.019372416666666226, 'repeat': 6, 'number': 6, 'total': 0.6823465000000013}, 100000: {'average': 0.20713525000000033, 'deviation': 0.0012650000000008598, 'min_exec': 0.20587025000000025, 'max_exec': 0.2084002500000004, 'repeat': 2, 'number': 2, 'total': 0.8285410000000013}}",11,0.08926240000000263,,46388,91,42,,6,ai.onnx,0,skl2onnx,1.6.995,11.0,1,21.0,1.0,45440,91,17,11.0,1,0.011667899999999065,python_compiled,0.0016349999999931697,"{1: {'average': 0.0005208345000000018, 'deviation': 0.00010175156653531303, 'min_exec': 0.0004670083333332779, 'max_exec': 0.0010315750000000179, 'repeat': 40, 'number': 60, 'total': 1.2500028000000043}, 10: {'average': 0.000537374875000003, 'deviation': 3.914382495581569e-05, 'min_exec': 0.0005075774999999894, 'max_exec': 0.0006907475000000219, 'repeat': 40, 'number': 40, 'total': 0.8597998000000047}, 100: {'average': 0.001232707499999952, 'deviation': 3.16902080696715e-05, 'min_exec': 0.0012064812500001132, 'max_exec': 0.0013071062499996344, 'repeat': 10, 'number': 16, 'total': 0.19723319999999234}, 1000: {'average': 0.0024791120000001144, 'deviation': 8.160136859124537e-05, 'min_exec': 0.0024177300000005177, 'max_exec': 0.0027167899999994915, 'repeat': 10, 'number': 10, 'total': 0.24791120000001143}, 10000: {'average': 0.027653766666666774, 'deviation': 0.00031072427964801234, 'min_exec': 0.027102800000000354, 'max_exec': 0.028052716666666793, 'repeat': 6, 'number': 6, 'total': 0.9955356000000037}, 100000: {'average': 0.3050040499999991, 'deviation': 0.0015627000000011657, 'min_exec': 0.30344134999999994, 'max_exec': 0.3065667499999982, 'repeat': 2, 'number': 2, 'total': 1.2200161999999963}}",3.973642988726785e-08,OK-11/1,0.425738961975807,0.32615046884746063,0.8679029657155213,0.4017651315447006,0.3324126526736128,0.5308899115180351,0.7861015765618272,0.7394637042714504,0.8744282309650164,0.7592848160310671,0.6379369485372188,0.8663454424854982,1.4589883585539047,1.3990407323127456,1.497735817156892,1.4724874206587175,1.4560507964841662,1.4891260393378734,ensemble,<class 'sklearn.ensemble._forest.RandomForestClassifier'>,sklearn,3.0,26.0,,
default,RandomForestClassifier,0.22.2.post1,~m-label,predict_proba,1,True,{},float32,{},"[('X', array([[5.181278  , 3.2508938 , 0.8796077 , 0.04524896]], dtype=float32))]",4,0.014647200000005967,11,550,10,11,,"[2, 2, 2]",4,10,,11,4,2,280,550,0.3,0.00137309999999502,True,"{1: {'average': 0.001223365833333334, 'deviation': 5.242218162826318e-05, 'min_exec': 0.0011885833333333078, 'max_exec': 0.0014318799999999262, 'repeat': 40, 'number': 60, 'total': 2.936078000000002}, 10: {'average': 0.0013375348750000082, 'deviation': 4.749245311083836e-05, 'min_exec': 0.0013011125000000235, 'max_exec': 0.001526950000000049, 'repeat': 40, 'number': 40, 'total': 2.140055800000013}, 100: {'average': 0.001568127499999994, 'deviation': 4.31739306830155e-05, 'min_exec': 0.0014948125000002754, 'max_exec': 0.001631562499999628, 'repeat': 10, 'number': 16, 'total': 0.250900399999999}, 1000: {'average': 0.0032650620000001136, 'deviation': 0.00018320841338770343, 'min_exec': 0.003135920000000425, 'max_exec': 0.003789920000000535, 'repeat': 10, 'number': 10, 'total': 0.3265062000000114}, 10000: {'average': 0.01895406944444448, 'deviation': 0.00022453920581020314, 'min_exec': 0.018730083333333408, 'max_exec': 0.019372416666666226, 'repeat': 6, 'number': 6, 'total': 0.6823465000000013}, 100000: {'average': 0.20713525000000033, 'deviation': 0.0012650000000008598, 'min_exec': 0.20587025000000025, 'max_exec': 0.2084002500000004, 'repeat': 2, 'number': 2, 'total': 0.8285410000000013}}",11,0.0792763999999977,,46388,91,42,,6,ai.onnx,0,skl2onnx,1.6.995,11.0,1,21.0,1.0,45440,91,17,11.0,1,0.0007736000000022614,onnxruntime1,,,,ERROR-_5ort_load_exc,,,,,,,,,,,,,,,,,,,ensemble,<class 'sklearn.ensemble._forest.RandomForestClassifier'>,sklearn,3.0,26.0,"Unable to create InferenceSession due to '[ONNXRuntimeError] : 1 : FAIL : Node:Cast20 Output:output_label [ShapeInferenceError] Mismatch between number of source and target dimensions. Source=2 Target=1'
ir_version: 6
producer_name: ""skl2onnx""
producer_version: ""1.6.995""
domain: ""ai.onnx""
model_version: 0
doc_string: """"
graph {
  node {
    input: ""X""
    output: ""indices""
    output: ""dummy_proba""
    name: ""TreeEnsembleClassifier""
    op_type: ""TreeEnsembleClassifier""
    attribute {
      name: ""class_ids""
      ints: 3
      ints: 4
      ints: 8
      ints: 9
      ints: 11
      ints: 12
      ints: 13
      ints: 16
      ints: 19
      ints: 22
      ints: 24
      ints: 25
      ints: 2
[...]
lem_type: 7
        shape {
          dim {
            dim_value: 1
          }
        }
      }
    }
  }
  output {
    name: ""output_probability""
    type {
      sequence_type {
        elem_type {
          map_type {
            key_type: 7
            value_type {
              tensor_type {
                elem_type: 1
              }
            }
          }
        }
      }
    }
  }
}
opset_import {
  domain: """"
  version: 11
}
opset_import {
  domain: ""ai.onnx.ml""
  version: 1
}
.","Unable to create InferenceSession due to '[ONNXRuntimeError] : 1 : FAIL : Node:Cast20 Output:output_label [ShapeInferenceError] Mismatch between number of source and target dimensions. Source=2 Target=1'
ir_version: 6
producer_name: ""skl2onnx""
producer_version: ""1.6.995""
domain: ""ai.onnx""
model_version: 0
doc_string: """"
graph {
  node {
    input: ""X""
    output: ""indices""
    output: ""dummy_proba""
    name: ""TreeEnsembleClassifier""
    op_type: ""TreeEnsembleClassifier""
    attribute {
      name: ""class_ids""
      ints: 3
      ints: 4
      ints: 8
      ints: 9
      ints: 11
      ints: 12
      ints: 13
      ints: 16
      ints: 19
      ints: 22
      ints: 24
      ints: 25
      ints: 2
[...]
lem_type: 7
        shape {
          dim {
            dim_value: 1
          }
        }
      }
    }
  }
  output {
    name: ""output_probability""
    type {
      sequence_type {
        elem_type {
          map_type {
            key_type: 7
            value_type {
              tensor_type {
                elem_type: 1
              }
            }
          }
        }
      }
    }
  }
}
opset_import {
  domain: """"
  version: 11
}
opset_import {
  domain: ""ai.onnx.ml""
  version: 1
}
."
default,RandomForestClassifier,0.22.2.post1,~m-label,predict_proba,1,True,{},float32,{},"[('X', array([[ 4.1083810e-01,  2.6304731e-01,  1.3721450e-01, -1.7567504e-03,
         5.1964874e+00,  3.2427704e+00,  8.4761304e-01, -2.4602504e-02,
         5.2069993e+00,  3.2651100e+00,  1.0321470e+00,  1.6901278e-01,
         5.1887398e+00,  3.2468615e+00,  9.0747643e-01,  9.0821601e-02,
         5.2152643e+00,  3.2097692e+00,  8.9097136e-01,  3.4887988e-02,
         5.1805882e+00,  3.2566366e+00,  9.8206997e-01,  3.9286662e-02,
         5.1143999e+00,  3.2421827e+00,  9.1437185e-01,  8.2414784e-02,
         5.1235404e+00,  3.1717598e+00,  8.0250973e-01,  1.5948552e-01,
         5.1670718e+00,  3.2486389e+00,  8.9558423e-01,  3.3958059e-02,
         5.1506152e+00,  3.2189939e+00,  5.8342332e-01, -6.4902149e-02,
         5.1644597e+00,  3.2736051e+00,  8.6621600e-01, -5.1090112e-03,
         5.1118765e+00,  3.2684355e+00,  9.2872828e-01,  9.5820501e-02,
         5.1956811e+00,  3.1972427e+00]], dtype=float32))]",50,0.0165289000000044,11,442,10,9,,"[2, 2, 2]",50,10,,9,50,2,226,442,0.3,0.0020311999999975683,True,"{1: {'average': 0.001240044666666682, 'deviation': 6.755065345023522e-05, 'min_exec': 0.0011768566666666184, 'max_exec': 0.0014710999999999548, 'repeat': 40, 'number': 60, 'total': 2.976107200000037}, 10: {'average': 0.0013497804374999988, 'deviation': 6.451365726505774e-05, 'min_exec': 0.0012943424999999563, 'max_exec': 0.0015729849999999602, 'repeat': 40, 'number': 40, 'total': 2.159648699999998}, 100: {'average': 0.0016234662500000051, 'deviation': 3.872495079482293e-05, 'min_exec': 0.0015635937499998143, 'max_exec': 0.0016958999999996394, 'repeat': 10, 'number': 16, 'total': 0.25975460000000083}, 1000: {'average': 0.003441858999999923, 'deviation': 0.0003042573215042896, 'min_exec': 0.003217220000000509, 'max_exec': 0.004286489999999787, 'repeat': 10, 'number': 10, 'total': 0.3441858999999923}, 10000: {'average': 0.020911111111110926, 'deviation': 0.00042231119391545973, 'min_exec': 0.020629150000000134, 'max_exec': 0.02184668333333306, 'repeat': 6, 'number': 6, 'total': 0.7527999999999935}, 100000: {'average': 0.25088940000000015, 'deviation': 0.01784649999999915, 'min_exec': 0.23304290000000094, 'max_exec': 0.26873589999999936, 'repeat': 2, 'number': 2, 'total': 1.0035576000000006}}",11,0.07194969999999756,,39589,91,42,,6,ai.onnx,0,skl2onnx,1.6.995,11.0,1,21.0,1.0,38641,91,17,11.0,1,0.012176499999995372,python_compiled,0.0014099999999999113,"{1: {'average': 0.0005188160416666734, 'deviation': 9.841741552825261e-05, 'min_exec': 0.0004688850000000855, 'max_exec': 0.0009717433333333266, 'repeat': 40, 'number': 60, 'total': 1.2451585000000165}, 10: {'average': 0.0005432167500000151, 'deviation': 4.012749413277504e-05, 'min_exec': 0.0005108274999999551, 'max_exec': 0.0007530374999999978, 'repeat': 40, 'number': 40, 'total': 0.8691468000000242}, 100: {'average': 0.0012248168749999344, 'deviation': 1.9523156132915962e-05, 'min_exec': 0.001201368749999876, 'max_exec': 0.0012624875000000202, 'repeat': 10, 'number': 16, 'total': 0.1959706999999895}, 1000: {'average': 0.0023848550000000303, 'deviation': 4.2405956715988554e-05, 'min_exec': 0.002322579999999874, 'max_exec': 0.0024432900000000758, 'repeat': 10, 'number': 10, 'total': 0.23848550000000301}, 10000: {'average': 0.025760266666667028, 'deviation': 0.0006211656467067122, 'min_exec': 0.025001716666666358, 'max_exec': 0.02685523333333369, 'repeat': 6, 'number': 6, 'total': 0.9273696000000129}, 100000: {'average': 0.28275247500000056, 'deviation': 0.003774075000000619, 'min_exec': 0.27897839999999974, 'max_exec': 0.2865265500000014, 'repeat': 2, 'number': 2, 'total': 1.1310099000000022}}",3.973642988726785e-08,OK-11/1,0.41838496274596587,0.3187308816532526,0.8257108625519674,0.40244823151099757,0.32475039494970903,0.581791527358503,0.75444554206158,0.7083959844331219,0.8074268012392415,0.6928973557603852,0.5418372607891281,0.7594413810680306,1.231893730074417,1.144417039657431,1.3018099792445892,1.1270004830813911,1.038113627542879,1.2295013064118248,ensemble,<class 'sklearn.ensemble._forest.RandomForestClassifier'>,sklearn,3.0,26.0,,
default,RandomForestClassifier,0.22.2.post1,~m-label,predict_proba,1,True,{},float32,{},"[('X', array([[ 4.1083810e-01,  2.6304731e-01,  1.3721450e-01, -1.7567504e-03,
         5.1964874e+00,  3.2427704e+00,  8.4761304e-01, -2.4602504e-02,
         5.2069993e+00,  3.2651100e+00,  1.0321470e+00,  1.6901278e-01,
         5.1887398e+00,  3.2468615e+00,  9.0747643e-01,  9.0821601e-02,
         5.2152643e+00,  3.2097692e+00,  8.9097136e-01,  3.4887988e-02,
         5.1805882e+00,  3.2566366e+00,  9.8206997e-01,  3.9286662e-02,
         5.1143999e+00,  3.2421827e+00,  9.1437185e-01,  8.2414784e-02,
         5.1235404e+00,  3.1717598e+00,  8.0250973e-01,  1.5948552e-01,
         5.1670718e+00,  3.2486389e+00,  8.9558423e-01,  3.3958059e-02,
         5.1506152e+00,  3.2189939e+00,  5.8342332e-01, -6.4902149e-02,
         5.1644597e+00,  3.2736051e+00,  8.6621600e-01, -5.1090112e-03,
         5.1118765e+00,  3.2684355e+00,  9.2872828e-01,  9.5820501e-02,
         5.1956811e+00,  3.1972427e+00]], dtype=float32))]",50,0.0165289000000044,11,442,10,9,,"[2, 2, 2]",50,10,,9,50,2,226,442,0.3,0.0020311999999975683,True,"{1: {'average': 0.001240044666666682, 'deviation': 6.755065345023522e-05, 'min_exec': 0.0011768566666666184, 'max_exec': 0.0014710999999999548, 'repeat': 40, 'number': 60, 'total': 2.976107200000037}, 10: {'average': 0.0013497804374999988, 'deviation': 6.451365726505774e-05, 'min_exec': 0.0012943424999999563, 'max_exec': 0.0015729849999999602, 'repeat': 40, 'number': 40, 'total': 2.159648699999998}, 100: {'average': 0.0016234662500000051, 'deviation': 3.872495079482293e-05, 'min_exec': 0.0015635937499998143, 'max_exec': 0.0016958999999996394, 'repeat': 10, 'number': 16, 'total': 0.25975460000000083}, 1000: {'average': 0.003441858999999923, 'deviation': 0.0003042573215042896, 'min_exec': 0.003217220000000509, 'max_exec': 0.004286489999999787, 'repeat': 10, 'number': 10, 'total': 0.3441858999999923}, 10000: {'average': 0.020911111111110926, 'deviation': 0.00042231119391545973, 'min_exec': 0.020629150000000134, 'max_exec': 0.02184668333333306, 'repeat': 6, 'number': 6, 'total': 0.7527999999999935}, 100000: {'average': 0.25088940000000015, 'deviation': 0.01784649999999915, 'min_exec': 0.23304290000000094, 'max_exec': 0.26873589999999936, 'repeat': 2, 'number': 2, 'total': 1.0035576000000006}}",11,0.07784849999998755,,39589,91,42,,6,ai.onnx,0,skl2onnx,1.6.995,11.0,1,21.0,1.0,38641,91,17,11.0,1,0.0011324999999970942,onnxruntime1,,,,ERROR-_5ort_load_exc,,,,,,,,,,,,,,,,,,,ensemble,<class 'sklearn.ensemble._forest.RandomForestClassifier'>,sklearn,3.0,26.0,"Unable to create InferenceSession due to '[ONNXRuntimeError] : 1 : FAIL : Node:Cast20 Output:output_label [ShapeInferenceError] Mismatch between number of source and target dimensions. Source=2 Target=1'
ir_version: 6
producer_name: ""skl2onnx""
producer_version: ""1.6.995""
domain: ""ai.onnx""
model_version: 0
doc_string: """"
graph {
  node {
    input: ""X""
    output: ""indices""
    output: ""dummy_proba""
    name: ""TreeEnsembleClassifier""
    op_type: ""TreeEnsembleClassifier""
    attribute {
      name: ""class_ids""
      ints: 3
      ints: 5
      ints: 6
      ints: 7
      ints: 11
      ints: 14
      ints: 15
      ints: 18
      ints: 20
      ints: 21
      ints: 23
      ints: 24
      ints: 2
[...]
lem_type: 7
        shape {
          dim {
            dim_value: 1
          }
        }
      }
    }
  }
  output {
    name: ""output_probability""
    type {
      sequence_type {
        elem_type {
          map_type {
            key_type: 7
            value_type {
              tensor_type {
                elem_type: 1
              }
            }
          }
        }
      }
    }
  }
}
opset_import {
  domain: """"
  version: 11
}
opset_import {
  domain: ""ai.onnx.ml""
  version: 1
}
.","Unable to create InferenceSession due to '[ONNXRuntimeError] : 1 : FAIL : Node:Cast20 Output:output_label [ShapeInferenceError] Mismatch between number of source and target dimensions. Source=2 Target=1'
ir_version: 6
producer_name: ""skl2onnx""
producer_version: ""1.6.995""
domain: ""ai.onnx""
model_version: 0
doc_string: """"
graph {
  node {
    input: ""X""
    output: ""indices""
    output: ""dummy_proba""
    name: ""TreeEnsembleClassifier""
    op_type: ""TreeEnsembleClassifier""
    attribute {
      name: ""class_ids""
      ints: 3
      ints: 5
      ints: 6
      ints: 7
      ints: 11
      ints: 14
      ints: 15
      ints: 18
      ints: 20
      ints: 21
      ints: 23
      ints: 24
      ints: 2
[...]
lem_type: 7
        shape {
          dim {
            dim_value: 1
          }
        }
      }
    }
  }
  output {
    name: ""output_probability""
    type {
      sequence_type {
        elem_type {
          map_type {
            key_type: 7
            value_type {
              tensor_type {
                elem_type: 1
              }
            }
          }
        }
      }
    }
  }
}
opset_import {
  domain: """"
  version: 11
}
opset_import {
  domain: ""ai.onnx.ml""
  version: 1
}
."
default,RandomForestRegressor,0.22.2.post1,b-reg,predict,0,True,{},float32,{},"[('X', array([[5.181278  , 3.2508938 , 0.8796077 , 0.04524896]], dtype=float32))]",4,0.013670500000003472,11,1398,10,13,,,4,10,,13,4,1,704,1398,0.3,0.0009871999999973013,True,"{1: {'average': 0.0008198895833333532, 'deviation': 4.0364637570700237e-05, 'min_exec': 0.0007926783333334224, 'max_exec': 0.0009810799999999157, 'repeat': 40, 'number': 60, 'total': 1.9677350000000473}, 10: {'average': 0.0008130933125000083, 'deviation': 3.761047633469121e-05, 'min_exec': 0.0007769350000000231, 'max_exec': 0.001024817500000097, 'repeat': 40, 'number': 40, 'total': 1.3009493000000134}, 100: {'average': 0.0008648106249999898, 'deviation': 1.8473826300914177e-05, 'min_exec': 0.0008239812499999388, 'max_exec': 0.0008976999999994462, 'repeat': 10, 'number': 16, 'total': 0.13836969999999837}, 1000: {'average': 0.0010983740000003195, 'deviation': 4.5189036767961516e-05, 'min_exec': 0.0010366500000003498, 'max_exec': 0.0011635499999997022, 'repeat': 10, 'number': 10, 'total': 0.10983740000003195}, 10000: {'average': 0.003284788888888181, 'deviation': 6.266056683261967e-05, 'min_exec': 0.0032110166666659743, 'max_exec': 0.0033983333333319856, 'repeat': 6, 'number': 6, 'total': 0.1182523999999745}, 100000: {'average': 0.027056475000001967, 'deviation': 0.0023435250000005746, 'min_exec': 0.0247129500000014, 'max_exec': 0.029400000000002535, 'repeat': 2, 'number': 2, 'total': 0.10822590000000787}}",11,0.05025940000000162,,51929,1,0,,6,ai.onnx,0,skl2onnx,1.6.995,,1,,,51933,1,0,,1,0.006015300000001389,python_compiled,0.00011460000000340642,"{1: {'average': 8.889166666670908e-06, 'deviation': 5.532867701266356e-07, 'min_exec': 8.546666666594168e-06, 'max_exec': 1.1106666666667783e-05, 'repeat': 40, 'number': 60, 'total': 0.021334000000010178}, 10: {'average': 1.3702875000003446e-05, 'deviation': 1.020324174904535e-06, 'min_exec': 1.3297499999964658e-05, 'max_exec': 1.9507500000059962e-05, 'repeat': 40, 'number': 40, 'total': 0.021924600000005512}, 100: {'average': 2.4108124999866476e-05, 'deviation': 5.438405132992472e-06, 'min_exec': 2.0768749999788838e-05, 'max_exec': 3.716249999996535e-05, 'repeat': 10, 'number': 16, 'total': 0.003857299999978636}, 1000: {'average': 0.00013105800000005272, 'deviation': 3.7507287771614764e-05, 'min_exec': 0.00010557000000090965, 'max_exec': 0.00021565999999921813, 'repeat': 10, 'number': 10, 'total': 0.013105800000005274}, 10000: {'average': 0.0013017305555559724, 'deviation': 0.0002620655105075829, 'min_exec': 0.0010260000000007115, 'max_exec': 0.00171095000000084, 'repeat': 6, 'number': 6, 'total': 0.04686230000001501}, 100000: {'average': 0.014068975000000705, 'deviation': 0.0001856250000003419, 'min_exec': 0.013883350000000405, 'max_exec': 0.014254600000001005, 'repeat': 2, 'number': 2, 'total': 0.05627590000000282}}",8.67617908812602e-08,OK-/1,0.01084190706574293,0.008711488019932016,0.01401156837472939,0.016852770511506705,0.012975481000239944,0.025108278041354015,0.027876767818233915,0.023135512977388493,0.04510114762923077,0.11932001303746684,0.09073095268869981,0.2080354989621814,0.3962904769799607,0.3019127023053806,0.5328374709986584,0.5199855117859841,0.4722227891156193,0.5768068967889385,ensemble,<class 'sklearn.ensemble._forest.RandomForestRegressor'>,sklearn,,,,
default,RandomForestRegressor,0.22.2.post1,b-reg,predict,0,True,{},float32,{},"[('X', array([[5.181278  , 3.2508938 , 0.8796077 , 0.04524896]], dtype=float32))]",4,0.013670500000003472,11,1398,10,13,,,4,10,,13,4,1,704,1398,0.3,0.0009871999999973013,True,"{1: {'average': 0.0008198895833333532, 'deviation': 4.0364637570700237e-05, 'min_exec': 0.0007926783333334224, 'max_exec': 0.0009810799999999157, 'repeat': 40, 'number': 60, 'total': 1.9677350000000473}, 10: {'average': 0.0008130933125000083, 'deviation': 3.761047633469121e-05, 'min_exec': 0.0007769350000000231, 'max_exec': 0.001024817500000097, 'repeat': 40, 'number': 40, 'total': 1.3009493000000134}, 100: {'average': 0.0008648106249999898, 'deviation': 1.8473826300914177e-05, 'min_exec': 0.0008239812499999388, 'max_exec': 0.0008976999999994462, 'repeat': 10, 'number': 16, 'total': 0.13836969999999837}, 1000: {'average': 0.0010983740000003195, 'deviation': 4.5189036767961516e-05, 'min_exec': 0.0010366500000003498, 'max_exec': 0.0011635499999997022, 'repeat': 10, 'number': 10, 'total': 0.10983740000003195}, 10000: {'average': 0.003284788888888181, 'deviation': 6.266056683261967e-05, 'min_exec': 0.0032110166666659743, 'max_exec': 0.0033983333333319856, 'repeat': 6, 'number': 6, 'total': 0.1182523999999745}, 100000: {'average': 0.027056475000001967, 'deviation': 0.0023435250000005746, 'min_exec': 0.0247129500000014, 'max_exec': 0.029400000000002535, 'repeat': 2, 'number': 2, 'total': 0.10822590000000787}}",11,0.09736569999999745,,51929,1,0,,6,ai.onnx,0,skl2onnx,1.6.995,,1,,,51933,1,0,,1,0.007369600000004084,onnxruntime1,0.00010530000000130713,"{1: {'average': 1.5547916666669435e-05, 'deviation': 2.051345958885116e-06, 'min_exec': 1.3188333333384132e-05, 'max_exec': 2.248333333341179e-05, 'repeat': 40, 'number': 60, 'total': 0.03731500000000665}, 10: {'average': 1.8384812500018558e-05, 'deviation': 2.406634474968162e-06, 'min_exec': 1.6282500000031064e-05, 'max_exec': 2.781250000012392e-05, 'repeat': 40, 'number': 40, 'total': 0.029415700000029688}, 100: {'average': 4.3735624999907684e-05, 'deviation': 1.7105715648107157e-06, 'min_exec': 4.2281249999831516e-05, 'max_exec': 4.7962500000053865e-05, 'repeat': 10, 'number': 16, 'total': 0.00699769999998523}, 1000: {'average': 0.00025826200000011567, 'deviation': 2.385956948518743e-05, 'min_exec': 0.0002369999999999095, 'max_exec': 0.000305750000001126, 'repeat': 10, 'number': 10, 'total': 0.025826200000011568}, 10000: {'average': 0.002410486111111412, 'deviation': 5.350605574624926e-05, 'min_exec': 0.002305016666667825, 'max_exec': 0.0024565500000003717, 'repeat': 6, 'number': 6, 'total': 0.08677750000001083}, 100000: {'average': 0.022863499999999704, 'deviation': 0.0003099499999949224, 'min_exec': 0.02255355000000492, 'max_exec': 0.02317344999999449, 'repeat': 2, 'number': 2, 'total': 0.09145399999999881}}",8.67617908812602e-08,OK-/1,0.018963427494050642,0.01344266862374655,0.02836375410800421,0.022610950326833947,0.015888194727382704,0.03579771795597198,0.050572488051830074,0.04709953213752657,0.058208241995867535,0.23513120303288365,0.20368699239394109,0.29494043312692114,0.7338328862672516,0.6782785679260636,0.7650380720543031,0.8450287777693894,0.7671275510205093,0.9377047256597524,ensemble,<class 'sklearn.ensemble._forest.RandomForestRegressor'>,sklearn,,,,
default,RandomForestRegressor,0.22.2.post1,b-reg,predict,0,True,{},float32,{},"[('X', array([[ 4.1083810e-01,  2.6304731e-01,  1.3721450e-01, -1.7567504e-03,
         5.1964874e+00,  3.2427704e+00,  8.4761304e-01, -2.4602504e-02,
         5.2069993e+00,  3.2651100e+00,  1.0321470e+00,  1.6901278e-01,
         5.1887398e+00,  3.2468615e+00,  9.0747643e-01,  9.0821601e-02,
         5.2152643e+00,  3.2097692e+00,  8.9097136e-01,  3.4887988e-02,
         5.1805882e+00,  3.2566366e+00,  9.8206997e-01,  3.9286662e-02,
         5.1143999e+00,  3.2421827e+00,  9.1437185e-01,  8.2414784e-02,
         5.1235404e+00,  3.1717598e+00,  8.0250973e-01,  1.5948552e-01,
         5.1670718e+00,  3.2486389e+00,  8.9558423e-01,  3.3958059e-02,
         5.1506152e+00,  3.2189939e+00,  5.8342332e-01, -6.4902149e-02,
         5.1644597e+00,  3.2736051e+00,  8.6621600e-01, -5.1090112e-03,
         5.1118765e+00,  3.2684355e+00,  9.2872828e-01,  9.5820501e-02,
         5.1956811e+00,  3.1972427e+00]], dtype=float32))]",50,0.023838299999994206,11,1398,10,12,,,50,10,,12,50,1,704,1398,0.3,0.001009899999999675,True,"{1: {'average': 0.0008458360416666543, 'deviation': 8.538723924930189e-05, 'min_exec': 0.0008060366666666614, 'max_exec': 0.0013091033333331836, 'repeat': 40, 'number': 60, 'total': 2.0300064999999705}, 10: {'average': 0.000843149187500023, 'deviation': 5.369128748974783e-05, 'min_exec': 0.0008039924999998505, 'max_exec': 0.001067704999999819, 'repeat': 40, 'number': 40, 'total': 1.3490387000000368}, 100: {'average': 0.0008956931250000188, 'deviation': 2.6512261233148855e-05, 'min_exec': 0.0008617187499995183, 'max_exec': 0.0009480874999994171, 'repeat': 10, 'number': 16, 'total': 0.14331090000000302}, 1000: {'average': 0.0012152180000001068, 'deviation': 4.871597844665535e-05, 'min_exec': 0.0011414700000003108, 'max_exec': 0.0013002100000008455, 'repeat': 10, 'number': 10, 'total': 0.12152180000001067}, 10000: {'average': 0.005067708333333501, 'deviation': 3.741162518605874e-05, 'min_exec': 0.00501196666666696, 'max_exec': 0.005098466666666468, 'repeat': 6, 'number': 6, 'total': 0.18243750000000603}, 100000: {'average': 0.04299682499999946, 'deviation': 0.00025677500000055565, 'min_exec': 0.04274004999999903, 'max_exec': 0.04325359999999989, 'repeat': 2, 'number': 2, 'total': 0.17198729999999784}}",11,0.05455359999999132,,51930,1,0,,6,ai.onnx,0,skl2onnx,1.6.995,,1,,,51934,1,0,,1,0.005710800000002791,python_compiled,9.380000000192013e-05,"{1: {'average': 9.485958333357303e-06, 'deviation': 1.850261801574314e-06, 'min_exec': 7.515000000068994e-06, 'max_exec': 1.855500000000158e-05, 'repeat': 40, 'number': 60, 'total': 0.022766300000057527}, 10: {'average': 1.4711312499962048e-05, 'deviation': 3.0892427261808053e-06, 'min_exec': 1.3255000000000906e-05, 'max_exec': 3.178750000003561e-05, 'repeat': 40, 'number': 40, 'total': 0.023538099999939277}, 100: {'average': 2.2021250000037183e-05, 'deviation': 1.7666312400277384e-06, 'min_exec': 2.094374999916937e-05, 'max_exec': 2.71437500005689e-05, 'repeat': 10, 'number': 16, 'total': 0.0035234000000059496}, 1000: {'average': 0.0001239110000004473, 'deviation': 2.235940806459252e-05, 'min_exec': 0.00010524000000060596, 'max_exec': 0.00018147000000112712, 'repeat': 10, 'number': 10, 'total': 0.01239110000004473}, 10000: {'average': 0.0014530916666666528, 'deviation': 0.0003193024578779, 'min_exec': 0.0009623666666650857, 'max_exec': 0.0018922333333340664, 'repeat': 6, 'number': 6, 'total': 0.052311299999999505}, 100000: {'average': 0.01316247500000145, 'deviation': 4.3075000000629376e-05, 'min_exec': 0.01311940000000078, 'max_exec': 0.01320555000000212, 'repeat': 2, 'number': 2, 'total': 0.0526499000000058}}",7.205094524973178e-08,OK-/1,0.011214890198655946,0.005740570517786873,0.02302004458027348,0.017448053936435358,0.012414477781787248,0.03953706035820175,0.024585708414404453,0.022090524344200557,0.031499546691520955,0.10196606699410016,0.08094077110661933,0.15897921101831647,0.28673545734839473,0.18875609660390508,0.37754308022811184,0.3061266733067294,0.30331348142121844,0.30897366755542915,ensemble,<class 'sklearn.ensemble._forest.RandomForestRegressor'>,sklearn,,,,
default,RandomForestRegressor,0.22.2.post1,b-reg,predict,0,True,{},float32,{},"[('X', array([[ 4.1083810e-01,  2.6304731e-01,  1.3721450e-01, -1.7567504e-03,
         5.1964874e+00,  3.2427704e+00,  8.4761304e-01, -2.4602504e-02,
         5.2069993e+00,  3.2651100e+00,  1.0321470e+00,  1.6901278e-01,
         5.1887398e+00,  3.2468615e+00,  9.0747643e-01,  9.0821601e-02,
         5.2152643e+00,  3.2097692e+00,  8.9097136e-01,  3.4887988e-02,
         5.1805882e+00,  3.2566366e+00,  9.8206997e-01,  3.9286662e-02,
         5.1143999e+00,  3.2421827e+00,  9.1437185e-01,  8.2414784e-02,
         5.1235404e+00,  3.1717598e+00,  8.0250973e-01,  1.5948552e-01,
         5.1670718e+00,  3.2486389e+00,  8.9558423e-01,  3.3958059e-02,
         5.1506152e+00,  3.2189939e+00,  5.8342332e-01, -6.4902149e-02,
         5.1644597e+00,  3.2736051e+00,  8.6621600e-01, -5.1090112e-03,
         5.1118765e+00,  3.2684355e+00,  9.2872828e-01,  9.5820501e-02,
         5.1956811e+00,  3.1972427e+00]], dtype=float32))]",50,0.023838299999994206,11,1398,10,12,,,50,10,,12,50,1,704,1398,0.3,0.001009899999999675,True,"{1: {'average': 0.0008458360416666543, 'deviation': 8.538723924930189e-05, 'min_exec': 0.0008060366666666614, 'max_exec': 0.0013091033333331836, 'repeat': 40, 'number': 60, 'total': 2.0300064999999705}, 10: {'average': 0.000843149187500023, 'deviation': 5.369128748974783e-05, 'min_exec': 0.0008039924999998505, 'max_exec': 0.001067704999999819, 'repeat': 40, 'number': 40, 'total': 1.3490387000000368}, 100: {'average': 0.0008956931250000188, 'deviation': 2.6512261233148855e-05, 'min_exec': 0.0008617187499995183, 'max_exec': 0.0009480874999994171, 'repeat': 10, 'number': 16, 'total': 0.14331090000000302}, 1000: {'average': 0.0012152180000001068, 'deviation': 4.871597844665535e-05, 'min_exec': 0.0011414700000003108, 'max_exec': 0.0013002100000008455, 'repeat': 10, 'number': 10, 'total': 0.12152180000001067}, 10000: {'average': 0.005067708333333501, 'deviation': 3.741162518605874e-05, 'min_exec': 0.00501196666666696, 'max_exec': 0.005098466666666468, 'repeat': 6, 'number': 6, 'total': 0.18243750000000603}, 100000: {'average': 0.04299682499999946, 'deviation': 0.00025677500000055565, 'min_exec': 0.04274004999999903, 'max_exec': 0.04325359999999989, 'repeat': 2, 'number': 2, 'total': 0.17198729999999784}}",11,0.09815809999999203,,51930,1,0,,6,ai.onnx,0,skl2onnx,1.6.995,,1,,,51934,1,0,,1,0.007596300000002998,onnxruntime1,0.00010559999999770753,"{1: {'average': 1.4894583333327678e-05, 'deviation': 2.0775177747015863e-06, 'min_exec': 1.3471666666475812e-05, 'max_exec': 2.2753333333251172e-05, 'repeat': 40, 'number': 60, 'total': 0.03574699999998643}, 10: {'average': 1.926531249997865e-05, 'deviation': 2.8773122868519854e-06, 'min_exec': 1.691500000013946e-05, 'max_exec': 3.135000000007437e-05, 'repeat': 40, 'number': 40, 'total': 0.030824499999965838}, 100: {'average': 4.231187499996736e-05, 'deviation': 2.8007538742635764e-06, 'min_exec': 4.081249999998704e-05, 'max_exec': 5.0593749999272575e-05, 'repeat': 10, 'number': 16, 'total': 0.006769899999994777}, 1000: {'average': 0.0002737099999998805, 'deviation': 1.5169389571962553e-05, 'min_exec': 0.00025413000000042987, 'max_exec': 0.0002946999999991817, 'repeat': 10, 'number': 10, 'total': 0.027370999999988044}, 10000: {'average': 0.002583727777778143, 'deviation': 7.3047230197754e-05, 'min_exec': 0.0024936999999998952, 'max_exec': 0.002705050000000616, 'repeat': 6, 'number': 6, 'total': 0.09301420000001315}, 100000: {'average': 0.025469324999999543, 'deviation': 0.00014402500000094344, 'min_exec': 0.025325299999998663, 'max_exec': 0.025613350000000423, 'repeat': 2, 'number': 2, 'total': 0.10187729999999817}}",7.205094524973178e-08,OK-/1,0.01760930322143646,0.010290758814412933,0.028228657918686065,0.022849233309589264,0.015842390922719597,0.03899290105328122,0.04723925395761687,0.04304718710035955,0.058712601993748954,0.2252353075743253,0.19545304220107876,0.25817586095044237,0.5098414525522992,0.4891078363429513,0.5397182742636871,0.5923536214592557,0.5855073334935988,0.5992821721079176,ensemble,<class 'sklearn.ensemble._forest.RandomForestRegressor'>,sklearn,,,,
default,RandomForestRegressor,0.22.2.post1,m-reg,predict,0,True,{},float32,{},"[('X', array([[5.181278  , 3.2508938 , 0.8796077 , 0.04524896]], dtype=float32))]",4,0.013187700000003133,11,1398,10,13,,,4,10,,13,4,1,704,1398,0.3,0.0009713000000033389,True,"{1: {'average': 0.0008087281666666671, 'deviation': 4.673421778289614e-05, 'min_exec': 0.0007757533333335213, 'max_exec': 0.0010255966666666912, 'repeat': 40, 'number': 60, 'total': 1.9409476000000012}, 10: {'average': 0.0008195498125, 'deviation': 3.075751642075731e-05, 'min_exec': 0.0007891825000001518, 'max_exec': 0.0009769925000000512, 'repeat': 40, 'number': 40, 'total': 1.3112797}, 100: {'average': 0.0009384781249998752, 'deviation': 0.0001235540983563987, 'min_exec': 0.0008393749999999756, 'max_exec': 0.0012134374999996922, 'repeat': 10, 'number': 16, 'total': 0.15015649999998004}, 1000: {'average': 0.0011382420000001048, 'deviation': 4.644468942731327e-05, 'min_exec': 0.0010564700000003312, 'max_exec': 0.0012182600000002707, 'repeat': 10, 'number': 10, 'total': 0.11382420000001048}, 10000: {'average': 0.003406955555555492, 'deviation': 7.697043604342323e-05, 'min_exec': 0.003304433333333634, 'max_exec': 0.0035189833333338547, 'repeat': 6, 'number': 6, 'total': 0.12265039999999772}, 100000: {'average': 0.03731804999999966, 'deviation': 0.00016735000000193528, 'min_exec': 0.03715069999999798, 'max_exec': 0.037485400000001334, 'repeat': 2, 'number': 2, 'total': 0.14927219999999863}}",11,0.055512100000001396,,59745,1,0,,6,ai.onnx,0,skl2onnx,1.6.995,,1,,,59749,1,0,,1,0.006837699999991287,python_compiled,8.549999999729607e-05,"{1: {'average': 1.124874999999766e-05, 'deviation': 7.416318109556528e-07, 'min_exec': 1.0819999999966967e-05, 'max_exec': 1.4423333333250336e-05, 'repeat': 40, 'number': 60, 'total': 0.026996999999994387}, 10: {'average': 1.7673749999955748e-05, 'deviation': 1.0744654194333163e-06, 'min_exec': 1.7064999999760744e-05, 'max_exec': 2.266750000003981e-05, 'repeat': 40, 'number': 40, 'total': 0.028277999999929193}, 100: {'average': 3.117624999990909e-05, 'deviation': 1.7740309853485502e-06, 'min_exec': 2.945625000005947e-05, 'max_exec': 3.5049999999259285e-05, 'repeat': 10, 'number': 16, 'total': 0.004988199999985454}, 1000: {'average': 0.00017440499999992197, 'deviation': 1.916229540019926e-05, 'min_exec': 0.00015897999999907596, 'max_exec': 0.0002261500000003025, 'repeat': 10, 'number': 10, 'total': 0.0174404999999922}, 10000: {'average': 0.0018319666666665553, 'deviation': 4.456215592563521e-05, 'min_exec': 0.0017828666666659387, 'max_exec': 0.0019076000000003053, 'repeat': 6, 'number': 6, 'total': 0.06595079999999598}, 100000: {'average': 0.018476724999999306, 'deviation': 0.00014602499999960168, 'min_exec': 0.018330699999999922, 'max_exec': 0.01862274999999869, 'repeat': 2, 'number': 2, 'total': 0.07390689999999722}}",1.0105158317183634e-07,OK-/1,0.01390918538964904,0.010549956285576891,0.018592679803606182,0.02156519314676281,0.01746686898800129,0.028722760578238176,0.03322000712580619,0.024275045068301367,0.04175725986509046,0.15322312829776613,0.13049759492968713,0.21406192319728112,0.5377136968162943,0.5066425435373876,0.577285061483098,0.4951149644742819,0.48900905419174584,0.5012758844382393,ensemble,<class 'sklearn.ensemble._forest.RandomForestRegressor'>,sklearn,,,,
default,RandomForestRegressor,0.22.2.post1,m-reg,predict,0,True,{},float32,{},"[('X', array([[5.181278  , 3.2508938 , 0.8796077 , 0.04524896]], dtype=float32))]",4,0.013187700000003133,11,1398,10,13,,,4,10,,13,4,1,704,1398,0.3,0.0009713000000033389,True,"{1: {'average': 0.0008087281666666671, 'deviation': 4.673421778289614e-05, 'min_exec': 0.0007757533333335213, 'max_exec': 0.0010255966666666912, 'repeat': 40, 'number': 60, 'total': 1.9409476000000012}, 10: {'average': 0.0008195498125, 'deviation': 3.075751642075731e-05, 'min_exec': 0.0007891825000001518, 'max_exec': 0.0009769925000000512, 'repeat': 40, 'number': 40, 'total': 1.3112797}, 100: {'average': 0.0009384781249998752, 'deviation': 0.0001235540983563987, 'min_exec': 0.0008393749999999756, 'max_exec': 0.0012134374999996922, 'repeat': 10, 'number': 16, 'total': 0.15015649999998004}, 1000: {'average': 0.0011382420000001048, 'deviation': 4.644468942731327e-05, 'min_exec': 0.0010564700000003312, 'max_exec': 0.0012182600000002707, 'repeat': 10, 'number': 10, 'total': 0.11382420000001048}, 10000: {'average': 0.003406955555555492, 'deviation': 7.697043604342323e-05, 'min_exec': 0.003304433333333634, 'max_exec': 0.0035189833333338547, 'repeat': 6, 'number': 6, 'total': 0.12265039999999772}, 100000: {'average': 0.03731804999999966, 'deviation': 0.00016735000000193528, 'min_exec': 0.03715069999999798, 'max_exec': 0.037485400000001334, 'repeat': 2, 'number': 2, 'total': 0.14927219999999863}}",11,0.10532020000000841,,59745,1,0,,6,ai.onnx,0,skl2onnx,1.6.995,,1,,,59749,1,0,,1,0.010662899999999809,onnxruntime1,0.00015069999999184347,"{1: {'average': 1.797908333334301e-05, 'deviation': 4.381845833633677e-06, 'min_exec': 1.3890000000079302e-05, 'max_exec': 2.946166666670062e-05, 'repeat': 40, 'number': 60, 'total': 0.04314980000002322}, 10: {'average': 2.2161937499998175e-05, 'deviation': 2.8665177855282792e-06, 'min_exec': 1.8802499999992507e-05, 'max_exec': 3.330999999988649e-05, 'repeat': 40, 'number': 40, 'total': 0.03545909999999708}, 100: {'average': 6.756875000002438e-05, 'deviation': 8.656860538227875e-06, 'min_exec': 6.28999999996438e-05, 'max_exec': 9.156250000064148e-05, 'repeat': 10, 'number': 16, 'total': 0.0108110000000039}, 1000: {'average': 0.0004667949999998199, 'deviation': 2.483292783774427e-05, 'min_exec': 0.00044354999999995925, 'max_exec': 0.0005135199999998008, 'repeat': 10, 'number': 10, 'total': 0.046679499999982}, 10000: {'average': 0.0044549388888890625, 'deviation': 6.281928421401967e-05, 'min_exec': 0.004342199999998779, 'max_exec': 0.004531466666667446, 'repeat': 6, 'number': 6, 'total': 0.16037780000000623}, 100000: {'average': 0.04415917500000077, 'deviation': 0.00016577499999488997, 'min_exec': 0.04399340000000507, 'max_exec': 0.04432494999999648, 'repeat': 2, 'number': 2, 'total': 0.1766367000000031}}",1.0105158317183634e-07,OK-/1,0.02223130598684024,0.013543335749348155,0.03797813738047336,0.027041599134034547,0.01924528591569692,0.04220823447032858,0.07199821519551493,0.051836209116381975,0.10908413998587538,0.4101017182635827,0.3640848423159758,0.48607154012857895,1.3076011166698946,1.2339359379360901,1.3713294261246103,1.1833194660493025,1.173614260485509,1.1931121082509586,ensemble,<class 'sklearn.ensemble._forest.RandomForestRegressor'>,sklearn,,,,
default,RandomForestRegressor,0.22.2.post1,m-reg,predict,0,True,{},float32,{},"[('X', array([[ 4.1083810e-01,  2.6304731e-01,  1.3721450e-01, -1.7567504e-03,
         5.1964874e+00,  3.2427704e+00,  8.4761304e-01, -2.4602504e-02,
         5.2069993e+00,  3.2651100e+00,  1.0321470e+00,  1.6901278e-01,
         5.1887398e+00,  3.2468615e+00,  9.0747643e-01,  9.0821601e-02,
         5.2152643e+00,  3.2097692e+00,  8.9097136e-01,  3.4887988e-02,
         5.1805882e+00,  3.2566366e+00,  9.8206997e-01,  3.9286662e-02,
         5.1143999e+00,  3.2421827e+00,  9.1437185e-01,  8.2414784e-02,
         5.1235404e+00,  3.1717598e+00,  8.0250973e-01,  1.5948552e-01,
         5.1670718e+00,  3.2486389e+00,  8.9558423e-01,  3.3958059e-02,
         5.1506152e+00,  3.2189939e+00,  5.8342332e-01, -6.4902149e-02,
         5.1644597e+00,  3.2736051e+00,  8.6621600e-01, -5.1090112e-03,
         5.1118765e+00,  3.2684355e+00,  9.2872828e-01,  9.5820501e-02,
         5.1956811e+00,  3.1972427e+00]], dtype=float32))]",50,0.03764929999999822,11,1398,10,12,,,50,10,,12,50,1,704,1398,0.3,0.0010170999999985497,True,"{1: {'average': 0.0008089545416666511, 'deviation': 4.483192132534191e-05, 'min_exec': 0.000771661666666527, 'max_exec': 0.0009968433333334304, 'repeat': 40, 'number': 60, 'total': 1.9414908999999625}, 10: {'average': 0.0008267181874999883, 'deviation': 5.544836784674043e-05, 'min_exec': 0.0007873700000001094, 'max_exec': 0.001161012499999714, 'repeat': 40, 'number': 40, 'total': 1.3227490999999816}, 100: {'average': 0.0009811025000000307, 'deviation': 0.0001569332681179818, 'min_exec': 0.0008580875000001598, 'max_exec': 0.001319768750000172, 'repeat': 10, 'number': 16, 'total': 0.1569764000000049}, 1000: {'average': 0.0012038220000000874, 'deviation': 3.0197203777783197e-05, 'min_exec': 0.001150289999999643, 'max_exec': 0.0012438199999991184, 'repeat': 10, 'number': 10, 'total': 0.12038220000000877}, 10000: {'average': 0.005221666666666162, 'deviation': 2.6829269879130593e-05, 'min_exec': 0.005173649999998513, 'max_exec': 0.005254600000000664, 'repeat': 6, 'number': 6, 'total': 0.18797999999998183}, 100000: {'average': 0.054415475000002544, 'deviation': 0.00025212499999958385, 'min_exec': 0.05416335000000316, 'max_exec': 0.054667600000001926, 'repeat': 2, 'number': 2, 'total': 0.21766190000001018}}",11,0.055015699999998446,,59747,1,0,,6,ai.onnx,0,skl2onnx,1.6.995,,1,,,59751,1,0,,1,0.007070400000003474,python_compiled,0.000103499999994483,"{1: {'average': 1.113037500001468e-05, 'deviation': 4.483902515953862e-07, 'min_exec': 1.0796666666834653e-05, 'max_exec': 1.28333333333804e-05, 'repeat': 40, 'number': 60, 'total': 0.026712900000035233}, 10: {'average': 1.7644625000006186e-05, 'deviation': 1.41871184421316e-06, 'min_exec': 1.660000000001105e-05, 'max_exec': 2.347500000006164e-05, 'repeat': 40, 'number': 40, 'total': 0.0282314000000099}, 100: {'average': 3.132375000003407e-05, 'deviation': 1.5206515875758614e-06, 'min_exec': 2.9874999999179863e-05, 'max_exec': 3.37875000004928e-05, 'repeat': 10, 'number': 16, 'total': 0.005011800000005451}, 1000: {'average': 0.00018195399999981987, 'deviation': 2.579415561713693e-05, 'min_exec': 0.00016145000000022947, 'max_exec': 0.00023817000000008192, 'repeat': 10, 'number': 10, 'total': 0.018195399999981987}, 10000: {'average': 0.001881333333334191, 'deviation': 0.00011013457382653704, 'min_exec': 0.0016873833333335142, 'max_exec': 0.0020545000000022164, 'repeat': 6, 'number': 6, 'total': 0.06772800000003087}, 100000: {'average': 0.020411849999998566, 'deviation': 0.00233179999999677, 'min_exec': 0.01808005000000179, 'max_exec': 0.02274364999999534, 'repeat': 2, 'number': 2, 'total': 0.08164739999999426}}",9.004983364144731e-08,OK-/1,0.013758962249081748,0.01083085606915858,0.01663077730531652,0.021342974264741736,0.014297865010079682,0.029814445559341072,0.031927092225361865,0.02263654143892706,0.03937535507799206,0.1511469303599757,0.1298017398018555,0.20705213467921638,0.3602936482606523,0.3211249825549615,0.39710842442043953,0.3751111241792452,0.3307269753931241,0.4199084805499293,ensemble,<class 'sklearn.ensemble._forest.RandomForestRegressor'>,sklearn,,,,
default,RandomForestRegressor,0.22.2.post1,m-reg,predict,0,True,{},float32,{},"[('X', array([[ 4.1083810e-01,  2.6304731e-01,  1.3721450e-01, -1.7567504e-03,
         5.1964874e+00,  3.2427704e+00,  8.4761304e-01, -2.4602504e-02,
         5.2069993e+00,  3.2651100e+00,  1.0321470e+00,  1.6901278e-01,
         5.1887398e+00,  3.2468615e+00,  9.0747643e-01,  9.0821601e-02,
         5.2152643e+00,  3.2097692e+00,  8.9097136e-01,  3.4887988e-02,
         5.1805882e+00,  3.2566366e+00,  9.8206997e-01,  3.9286662e-02,
         5.1143999e+00,  3.2421827e+00,  9.1437185e-01,  8.2414784e-02,
         5.1235404e+00,  3.1717598e+00,  8.0250973e-01,  1.5948552e-01,
         5.1670718e+00,  3.2486389e+00,  8.9558423e-01,  3.3958059e-02,
         5.1506152e+00,  3.2189939e+00,  5.8342332e-01, -6.4902149e-02,
         5.1644597e+00,  3.2736051e+00,  8.6621600e-01, -5.1090112e-03,
         5.1118765e+00,  3.2684355e+00,  9.2872828e-01,  9.5820501e-02,
         5.1956811e+00,  3.1972427e+00]], dtype=float32))]",50,0.03764929999999822,11,1398,10,12,,,50,10,,12,50,1,704,1398,0.3,0.0010170999999985497,True,"{1: {'average': 0.0008089545416666511, 'deviation': 4.483192132534191e-05, 'min_exec': 0.000771661666666527, 'max_exec': 0.0009968433333334304, 'repeat': 40, 'number': 60, 'total': 1.9414908999999625}, 10: {'average': 0.0008267181874999883, 'deviation': 5.544836784674043e-05, 'min_exec': 0.0007873700000001094, 'max_exec': 0.001161012499999714, 'repeat': 40, 'number': 40, 'total': 1.3227490999999816}, 100: {'average': 0.0009811025000000307, 'deviation': 0.0001569332681179818, 'min_exec': 0.0008580875000001598, 'max_exec': 0.001319768750000172, 'repeat': 10, 'number': 16, 'total': 0.1569764000000049}, 1000: {'average': 0.0012038220000000874, 'deviation': 3.0197203777783197e-05, 'min_exec': 0.001150289999999643, 'max_exec': 0.0012438199999991184, 'repeat': 10, 'number': 10, 'total': 0.12038220000000877}, 10000: {'average': 0.005221666666666162, 'deviation': 2.6829269879130593e-05, 'min_exec': 0.005173649999998513, 'max_exec': 0.005254600000000664, 'repeat': 6, 'number': 6, 'total': 0.18797999999998183}, 100000: {'average': 0.054415475000002544, 'deviation': 0.00025212499999958385, 'min_exec': 0.05416335000000316, 'max_exec': 0.054667600000001926, 'repeat': 2, 'number': 2, 'total': 0.21766190000001018}}",11,0.11118770000000211,,59747,1,0,,6,ai.onnx,0,skl2onnx,1.6.995,,1,,,59751,1,0,,1,0.00812469999999621,onnxruntime1,0.0001601000000022168,"{1: {'average': 1.6055416666684863e-05, 'deviation': 1.938028771939016e-06, 'min_exec': 1.3828333333284112e-05, 'max_exec': 2.2546666666774703e-05, 'repeat': 40, 'number': 60, 'total': 0.03853300000004367}, 10: {'average': 2.1908687500005185e-05, 'deviation': 2.9878399904760643e-06, 'min_exec': 1.944999999992092e-05, 'max_exec': 3.183250000020621e-05, 'repeat': 40, 'number': 40, 'total': 0.0350539000000083}, 100: {'average': 6.273312500004735e-05, 'deviation': 1.7691453842274226e-06, 'min_exec': 6.147500000075468e-05, 'max_exec': 6.699374999996621e-05, 'repeat': 10, 'number': 16, 'total': 0.010037300000007576}, 1000: {'average': 0.0004932989999996097, 'deviation': 3.434018533737885e-05, 'min_exec': 0.0004630599999998708, 'max_exec': 0.0005756800000000339, 'repeat': 10, 'number': 10, 'total': 0.04932989999996096}, 10000: {'average': 0.004686102777777516, 'deviation': 6.964706756297479e-05, 'min_exec': 0.004575499999999029, 'max_exec': 0.004806516666666501, 'repeat': 6, 'number': 6, 'total': 0.16869969999999057}, 100000: {'average': 0.046736800000001466, 'deviation': 0.00017970000000072468, 'min_exec': 0.04655710000000113, 'max_exec': 0.046916500000001804, 'repeat': 2, 'number': 2, 'total': 0.18694720000000586}}",9.004983364144731e-08,OK-/1,0.01984711852115527,0.013872123001557683,0.029218331868386342,0.026500792931939087,0.01675261894245386,0.040428896198993855,0.06394145871613352,0.046580130042287074,0.07807333168232114,0.40977735911087676,0.37228859481291426,0.5004651001053756,0.8974343015214751,0.8707608571534371,0.9290378488432505,0.8588880277163671,0.8516397281021938,0.8662038075561992,ensemble,<class 'sklearn.ensemble._forest.RandomForestRegressor'>,sklearn,,,,
