scenario,name,skl_version,problem,method_name,output_index,fit,conv_options,idtype,predict_kwargs,init_types,n_features,training_time,skl_nop,skl_nnodes,skl_ntrees,skl_max_depth,fit_classes_.shape,fit_n_classes_,fit_n_features_,fit_estimators_.size,fit_estimators_.max|tree_.max_depth,fit_estimators_.n_features_,fit_estimators_.n_classes_,fit_estimators_.classes_.shape,fit_estimators_.sum|tree_.node_count,fit_estimators_.sum|tree_.leave_count,ort_version,prediction_time,assume_finite,bench-skl,opset,convert_time,optim,onx_size,onx_nnodes,onx_ninits,onx_doc_string,onx_ir_version,onx_domain,onx_model_version,onx_producer_name,onx_producer_version,onx_,onx_ai.onnx.ml,onx_op_Cast,onx_op_ZipMap,onx_size_optim,onx_nnodes_optim,onx_ninits_optim,domain_opset_,domain_opset_ai.onnx.ml,tostring_time,runtime,ort_run_time_batch,bench-batch,max_rel_diff_batch,available,time-ratio-N=1,time-ratio-N=1-min,time-ratio-N=1-max,time-ratio-N=10,time-ratio-N=10-min,time-ratio-N=10-max,time-ratio-N=100,time-ratio-N=100-min,time-ratio-N=100-max,time-ratio-N=1000,time-ratio-N=1000-min,time-ratio-N=1000-max,time-ratio-N=10000,time-ratio-N=10000-min,time-ratio-N=10000-max,time-ratio-N=100000,time-ratio-N=100000-min,time-ratio-N=100000-max,subfolder,cl,package,fit_estimators_.n_classes_.shape,onx_op_Reshape,_5ort_load_exc,available-ERROR
default,RandomForestClassifier,0.22.2.post1,b-cl,predict_proba,1,True,{},float32,{},"[('X', array([[5.181278  , 3.2508938 , 0.8796077 , 0.04524896]], dtype=float32))]",4,0.013455299999999948,11,60,10,3,2.0,2,4,10,3,4,2,2.0,60,35,0.3,0.0012607000000000035,True,"{1: {'average': 0.0010205152499999995, 'deviation': 5.773227953540996e-05, 'min_exec': 0.000970039999999998, 'max_exec': 0.0012048133333333322, 'repeat': 40, 'number': 60, 'total': 2.449236599999999}, 10: {'average': 0.0010521444375000005, 'deviation': 7.184293327827876e-05, 'min_exec': 0.0009876224999999961, 'max_exec': 0.0013493699999999943, 'repeat': 40, 'number': 40, 'total': 1.6834311000000008}, 100: {'average': 0.0010625362500000014, 'deviation': 1.5776892418176293e-05, 'min_exec': 0.0010327187499999946, 'max_exec': 0.0010943999999999954, 'repeat': 10, 'number': 16, 'total': 0.1700058000000002}, 1000: {'average': 0.0015291800000000236, 'deviation': 1.868026338138256e-05, 'min_exec': 0.0014932400000001067, 'max_exec': 0.0015620499999999815, 'repeat': 10, 'number': 10, 'total': 0.15291800000000233}, 10000: {'average': 0.005506316666666628, 'deviation': 6.303349124487275e-05, 'min_exec': 0.0054069833333333745, 'max_exec': 0.005620066666666664, 'repeat': 6, 'number': 6, 'total': 0.1982273999999986}, 100000: {'average': 0.0551595250000001, 'deviation': 0.0004067249999999977, 'min_exec': 0.05475280000000016, 'max_exec': 0.05556625000000004, 'repeat': 2, 'number': 2, 'total': 0.2206381000000004}}",11,0.056653899999998814,,2979,3,0,,6,ai.onnx,0,skl2onnx,1.6.995,9.0,1,1.0,1.0,2983,3,0,9.0,1,0.12704169999999948,python_compiled,0.0005953999999999127,"{1: {'average': 1.7629375000001907e-05, 'deviation': 7.516481601086445e-07, 'min_exec': 1.7138333333329334e-05, 'max_exec': 2.103499999999888e-05, 'repeat': 40, 'number': 60, 'total': 0.04231050000000458}, 10: {'average': 1.9812999999995194e-05, 'deviation': 9.371508016323748e-07, 'min_exec': 1.923999999999815e-05, 'max_exec': 2.3487499999985673e-05, 'repeat': 40, 'number': 40, 'total': 0.03170079999999231}, 100: {'average': 2.774562499997524e-05, 'deviation': 1.8642233008866215e-06, 'min_exec': 2.6381249999984924e-05, 'max_exec': 3.267499999992651e-05, 'repeat': 10, 'number': 16, 'total': 0.004439299999996038}, 1000: {'average': 8.269199999999089e-05, 'deviation': 1.6272860105084942e-05, 'min_exec': 7.277999999999452e-05, 'max_exec': 0.00012755999999995992, 'repeat': 10, 'number': 10, 'total': 0.008269199999999088}, 10000: {'average': 0.000593644444444467, 'deviation': 5.6095349271382863e-05, 'min_exec': 0.0005349333333333206, 'max_exec': 0.0007125833333333867, 'repeat': 6, 'number': 6, 'total': 0.021371200000000812}, 100000: {'average': 0.006182649999999956, 'deviation': 1.610000000025884e-05, 'min_exec': 0.00616654999999966, 'max_exec': 0.006198750000000253, 'repeat': 2, 'number': 2, 'total': 0.024730599999999825}}",2.384185791015625e-07,OK-9/1,0.01727497457779481,0.014224886842771785,0.021684672796996953,0.018831064722513616,0.014258505821233784,0.023781859971786553,0.02611263850995691,0.024105674342091588,0.03163978575960462,0.0540760407538613,0.046592618674175204,0.08542498191847982,0.10781153362250102,0.09518273804580982,0.131789445131151,0.11208671575761295,0.1109765370166181,0.11321338817375978,ensemble,<class 'sklearn.ensemble._forest.RandomForestClassifier'>,sklearn,,,,
default,RandomForestClassifier,0.22.2.post1,b-cl,predict_proba,1,True,{},float32,{},"[('X', array([[5.181278  , 3.2508938 , 0.8796077 , 0.04524896]], dtype=float32))]",4,0.013455299999999948,11,60,10,3,2.0,2,4,10,3,4,2,2.0,60,35,0.3,0.0012607000000000035,True,"{1: {'average': 0.0010205152499999995, 'deviation': 5.773227953540996e-05, 'min_exec': 0.000970039999999998, 'max_exec': 0.0012048133333333322, 'repeat': 40, 'number': 60, 'total': 2.449236599999999}, 10: {'average': 0.0010521444375000005, 'deviation': 7.184293327827876e-05, 'min_exec': 0.0009876224999999961, 'max_exec': 0.0013493699999999943, 'repeat': 40, 'number': 40, 'total': 1.6834311000000008}, 100: {'average': 0.0010625362500000014, 'deviation': 1.5776892418176293e-05, 'min_exec': 0.0010327187499999946, 'max_exec': 0.0010943999999999954, 'repeat': 10, 'number': 16, 'total': 0.1700058000000002}, 1000: {'average': 0.0015291800000000236, 'deviation': 1.868026338138256e-05, 'min_exec': 0.0014932400000001067, 'max_exec': 0.0015620499999999815, 'repeat': 10, 'number': 10, 'total': 0.15291800000000233}, 10000: {'average': 0.005506316666666628, 'deviation': 6.303349124487275e-05, 'min_exec': 0.0054069833333333745, 'max_exec': 0.005620066666666664, 'repeat': 6, 'number': 6, 'total': 0.1982273999999986}, 100000: {'average': 0.0551595250000001, 'deviation': 0.0004067249999999977, 'min_exec': 0.05475280000000016, 'max_exec': 0.05556625000000004, 'repeat': 2, 'number': 2, 'total': 0.2206381000000004}}",11,0.02308900000000058,,2979,3,0,,6,ai.onnx,0,skl2onnx,1.6.995,9.0,1,1.0,1.0,2983,3,0,9.0,1,0.04124239999999979,onnxruntime1,0.0004692999999988956,"{1: {'average': 2.783062500000044e-05, 'deviation': 9.795204635201301e-06, 'min_exec': 1.9056666666668794e-05, 'max_exec': 5.8878333333349056e-05, 'repeat': 40, 'number': 60, 'total': 0.06679350000000106}, 10: {'average': 3.19566874999988e-05, 'deviation': 2.512163434391618e-06, 'min_exec': 2.8074999999994076e-05, 'max_exec': 4.123250000001022e-05, 'repeat': 40, 'number': 40, 'total': 0.051130699999998086}, 100: {'average': 0.00011835499999999222, 'deviation': 1.1736618976522231e-05, 'min_exec': 0.00011087499999995476, 'max_exec': 0.00015231874999999118, 'repeat': 10, 'number': 16, 'total': 0.018936799999998755}, 1000: {'average': 0.0009871079999999742, 'deviation': 2.7564091423440317e-05, 'min_exec': 0.0009460499999999428, 'max_exec': 0.0010180399999999423, 'repeat': 10, 'number': 10, 'total': 0.09871079999999743}, 10000: {'average': 0.011586516666666657, 'deviation': 0.0002914784284630184, 'min_exec': 0.011338566666666475, 'max_exec': 0.012202433333333337, 'repeat': 6, 'number': 6, 'total': 0.41711459999999967}, 100000: {'average': 0.13551139999999995, 'deviation': 0.0008458000000005665, 'min_exec': 0.13466559999999994, 'max_exec': 0.13635719999999996, 'repeat': 2, 'number': 2, 'total': 0.5420455999999998}}",2.384185791015625e-07,OK-9/1,0.027271150529108168,0.015817111364417845,0.06069680975356602,0.030372909232815087,0.0208060057656493,0.04174925135870273,0.11138914084106973,0.10131122076019301,0.1474929645656109,0.6455145895185387,0.6056464261707077,0.6817658246496675,2.1042227260207347,2.0175146202298575,2.2567913716520756,2.456718037365255,2.423514273502348,2.4904151020586998,ensemble,<class 'sklearn.ensemble._forest.RandomForestClassifier'>,sklearn,,,,
default,RandomForestClassifier,0.22.2.post1,b-cl,predict_proba,1,True,{},float32,{},"[('X', array([[ 4.1083810e-01,  2.6304731e-01,  1.3721450e-01, -1.7567504e-03,
         5.1964874e+00,  3.2427704e+00,  8.4761304e-01, -2.4602504e-02,
         5.2069993e+00,  3.2651100e+00,  1.0321470e+00,  1.6901278e-01,
         5.1887398e+00,  3.2468615e+00,  9.0747643e-01,  9.0821601e-02,
         5.2152643e+00,  3.2097692e+00,  8.9097136e-01,  3.4887988e-02,
         5.1805882e+00,  3.2566366e+00,  9.8206997e-01,  3.9286662e-02,
         5.1143999e+00,  3.2421827e+00,  9.1437185e-01,  8.2414784e-02,
         5.1235404e+00,  3.1717598e+00,  8.0250973e-01,  1.5948552e-01,
         5.1670718e+00,  3.2486389e+00,  8.9558423e-01,  3.3958059e-02,
         5.1506152e+00,  3.2189939e+00,  5.8342332e-01, -6.4902149e-02,
         5.1644597e+00,  3.2736051e+00,  8.6621600e-01, -5.1090112e-03,
         5.1118765e+00,  3.2684355e+00,  9.2872828e-01,  9.5820501e-02,
         5.1956811e+00,  3.1972427e+00]], dtype=float32))]",50,0.016072799999999887,11,34,10,2,2.0,2,50,10,2,50,2,2.0,34,22,0.3,0.0011075000000015933,True,"{1: {'average': 0.0010156214999999988, 'deviation': 4.903459703759657e-05, 'min_exec': 0.0009789116666666746, 'max_exec': 0.0012281483333333417, 'repeat': 40, 'number': 60, 'total': 2.4374915999999978}, 10: {'average': 0.001029906749999998, 'deviation': 4.005028571684029e-05, 'min_exec': 0.0009852925000000123, 'max_exec': 0.0012297924999999932, 'repeat': 40, 'number': 40, 'total': 1.647850799999997}, 100: {'average': 0.0011243643749999865, 'deviation': 8.93617367802993e-05, 'min_exec': 0.0010445312500000359, 'max_exec': 0.0013458625000000168, 'repeat': 10, 'number': 16, 'total': 0.17989829999999785}, 1000: {'average': 0.0016109229999999998, 'deviation': 8.40684368892394e-05, 'min_exec': 0.001535980000000059, 'max_exec': 0.0018325199999999597, 'repeat': 10, 'number': 10, 'total': 0.16109229999999997}, 10000: {'average': 0.007586680555555583, 'deviation': 5.172117950082974e-05, 'min_exec': 0.0075099833333333406, 'max_exec': 0.007664583333333456, 'repeat': 6, 'number': 6, 'total': 0.273120500000001}, 100000: {'average': 0.07834150000000006, 'deviation': 3.1050000001463445e-05, 'min_exec': 0.07831045000000003, 'max_exec': 0.0783725500000001, 'repeat': 2, 'number': 2, 'total': 0.31336600000000026}}",11,0.013271599999999495,,2024,3,0,,6,ai.onnx,0,skl2onnx,1.6.995,9.0,1,1.0,1.0,2028,3,0,9.0,1,0.0011369999999999436,python_compiled,7.620000000052585e-05,"{1: {'average': 1.7633625000002726e-05, 'deviation': 1.1275875112309375e-06, 'min_exec': 1.6806666666665155e-05, 'max_exec': 2.1679999999986894e-05, 'repeat': 40, 'number': 60, 'total': 0.04232070000000654}, 10: {'average': 1.9210125000004295e-05, 'deviation': 3.6819562119681533e-06, 'min_exec': 1.597500000003471e-05, 'max_exec': 3.9417499999983005e-05, 'repeat': 40, 'number': 40, 'total': 0.030736200000006875}, 100: {'average': 4.9441249999993e-05, 'deviation': 1.1171987569369418e-05, 'min_exec': 3.9699999999975866e-05, 'max_exec': 7.6268749999997e-05, 'repeat': 10, 'number': 16, 'total': 0.00791059999999888}, 1000: {'average': 8.542300000005554e-05, 'deviation': 2.3634388949175474e-05, 'min_exec': 7.212000000009767e-05, 'max_exec': 0.0001431200000000743, 'repeat': 10, 'number': 10, 'total': 0.008542300000005554}, 10000: {'average': 0.0006362055555555221, 'deviation': 0.00014063263762529685, 'min_exec': 0.000508216666666487, 'max_exec': 0.0008551000000001826, 'repeat': 6, 'number': 6, 'total': 0.022903399999998797}, 100000: {'average': 0.005336375000000171, 'deviation': 0.0001212249999995721, 'min_exec': 0.005215150000000612, 'max_exec': 0.005457599999999729, 'repeat': 2, 'number': 2, 'total': 0.021345500000000683}}",2.384185791015625e-07,OK-9/1,0.01736239829503683,0.013684557647079851,0.022147044251510657,0.01865229546267595,0.012989996279888517,0.04000588657681096,0.04397262230937688,0.029497812740882052,0.07301720269258997,0.053027363815685506,0.0393556414118805,0.09317829659244835,0.08385822375105023,0.06630714868168248,0.11386177066529421,0.06811683462788135,0.06654306896994683,0.06969184827822758,ensemble,<class 'sklearn.ensemble._forest.RandomForestClassifier'>,sklearn,,,,
default,RandomForestClassifier,0.22.2.post1,b-cl,predict_proba,1,True,{},float32,{},"[('X', array([[ 4.1083810e-01,  2.6304731e-01,  1.3721450e-01, -1.7567504e-03,
         5.1964874e+00,  3.2427704e+00,  8.4761304e-01, -2.4602504e-02,
         5.2069993e+00,  3.2651100e+00,  1.0321470e+00,  1.6901278e-01,
         5.1887398e+00,  3.2468615e+00,  9.0747643e-01,  9.0821601e-02,
         5.2152643e+00,  3.2097692e+00,  8.9097136e-01,  3.4887988e-02,
         5.1805882e+00,  3.2566366e+00,  9.8206997e-01,  3.9286662e-02,
         5.1143999e+00,  3.2421827e+00,  9.1437185e-01,  8.2414784e-02,
         5.1235404e+00,  3.1717598e+00,  8.0250973e-01,  1.5948552e-01,
         5.1670718e+00,  3.2486389e+00,  8.9558423e-01,  3.3958059e-02,
         5.1506152e+00,  3.2189939e+00,  5.8342332e-01, -6.4902149e-02,
         5.1644597e+00,  3.2736051e+00,  8.6621600e-01, -5.1090112e-03,
         5.1118765e+00,  3.2684355e+00,  9.2872828e-01,  9.5820501e-02,
         5.1956811e+00,  3.1972427e+00]], dtype=float32))]",50,0.016072799999999887,11,34,10,2,2.0,2,50,10,2,50,2,2.0,34,22,0.3,0.0011075000000015933,True,"{1: {'average': 0.0010156214999999988, 'deviation': 4.903459703759657e-05, 'min_exec': 0.0009789116666666746, 'max_exec': 0.0012281483333333417, 'repeat': 40, 'number': 60, 'total': 2.4374915999999978}, 10: {'average': 0.001029906749999998, 'deviation': 4.005028571684029e-05, 'min_exec': 0.0009852925000000123, 'max_exec': 0.0012297924999999932, 'repeat': 40, 'number': 40, 'total': 1.647850799999997}, 100: {'average': 0.0011243643749999865, 'deviation': 8.93617367802993e-05, 'min_exec': 0.0010445312500000359, 'max_exec': 0.0013458625000000168, 'repeat': 10, 'number': 16, 'total': 0.17989829999999785}, 1000: {'average': 0.0016109229999999998, 'deviation': 8.40684368892394e-05, 'min_exec': 0.001535980000000059, 'max_exec': 0.0018325199999999597, 'repeat': 10, 'number': 10, 'total': 0.16109229999999997}, 10000: {'average': 0.007586680555555583, 'deviation': 5.172117950082974e-05, 'min_exec': 0.0075099833333333406, 'max_exec': 0.007664583333333456, 'repeat': 6, 'number': 6, 'total': 0.273120500000001}, 100000: {'average': 0.07834150000000006, 'deviation': 3.1050000001463445e-05, 'min_exec': 0.07831045000000003, 'max_exec': 0.0783725500000001, 'repeat': 2, 'number': 2, 'total': 0.31336600000000026}}",11,0.021304999999999907,,2024,3,0,,6,ai.onnx,0,skl2onnx,1.6.995,9.0,1,1.0,1.0,2028,3,0,9.0,1,0.0030175000000003394,onnxruntime1,0.0001943000000004247,"{1: {'average': 3.608433333332976e-05, 'deviation': 7.805703557513888e-06, 'min_exec': 1.9163333333338527e-05, 'max_exec': 4.416999999999523e-05, 'repeat': 40, 'number': 60, 'total': 0.08660239999999142}, 10: {'average': 3.130050000000218e-05, 'deviation': 3.5869904777528698e-06, 'min_exec': 2.6990000000015613e-05, 'max_exec': 4.148000000001595e-05, 'repeat': 40, 'number': 40, 'total': 0.05008080000000348}, 100: {'average': 0.00011694500000000163, 'deviation': 1.1677264836535723e-05, 'min_exec': 0.00010987500000003703, 'max_exec': 0.00014827500000003102, 'repeat': 10, 'number': 16, 'total': 0.01871120000000026}, 1000: {'average': 0.0009845199999999998, 'deviation': 2.468804528507811e-05, 'min_exec': 0.0009285800000000677, 'max_exec': 0.0010220799999999032, 'repeat': 10, 'number': 10, 'total': 0.09845199999999998}, 10000: {'average': 0.010891013888888837, 'deviation': 6.82637731433618e-05, 'min_exec': 0.010778883333333175, 'max_exec': 0.010985366666666607, 'repeat': 6, 'number': 6, 'total': 0.39207649999999816}, 100000: {'average': 0.13707270000000005, 'deviation': 0.0037125500000004846, 'min_exec': 0.13336014999999968, 'max_exec': 0.14078525000000042, 'repeat': 2, 'number': 2, 'total': 0.5482908000000002}}",2.384185791015625e-07,OK-9/1,0.035529312183062094,0.01560343552421469,0.045121538034580785,0.030391586422753553,0.02194679183684708,0.0420991735956738,0.10400987669144447,0.08163909760472236,0.14195362752433296,0.611152736660908,0.5067229825595836,0.6654253310589096,1.4355440181165338,1.4063234574612233,1.4627684482211363,1.7496818416803346,1.7016181048083738,1.797783692980954,ensemble,<class 'sklearn.ensemble._forest.RandomForestClassifier'>,sklearn,,,,
default,RandomForestClassifier,0.22.2.post1,m-cl,predict_proba,1,True,{},float32,{},"[('X', array([[5.181278  , 3.2508938 , 0.8796077 , 0.04524896]], dtype=float32))]",4,0.01428370000000001,11,222,10,8,3.0,3,4,10,8,4,3,3.0,222,116,0.3,0.0010841999999975371,True,"{1: {'average': 0.001008432708333332, 'deviation': 3.7132025183955645e-05, 'min_exec': 0.0009729216666666336, 'max_exec': 0.001166548333333317, 'repeat': 40, 'number': 60, 'total': 2.4202384999999964}, 10: {'average': 0.0010529142500000058, 'deviation': 5.920850316677488e-05, 'min_exec': 0.000987747500000058, 'max_exec': 0.0013156250000000646, 'repeat': 40, 'number': 40, 'total': 1.6846628000000088}, 100: {'average': 0.0010838518750000193, 'deviation': 2.374397802766821e-05, 'min_exec': 0.0010569875000001616, 'max_exec': 0.0011439250000000456, 'repeat': 10, 'number': 16, 'total': 0.17341630000000308}, 1000: {'average': 0.0016598229999999956, 'deviation': 2.4002580298775895e-05, 'min_exec': 0.001620640000000151, 'max_exec': 0.0016915299999997302, 'repeat': 10, 'number': 10, 'total': 0.16598229999999958}, 10000: {'average': 0.006583969444444528, 'deviation': 0.0004045496474609764, 'min_exec': 0.006206816666666744, 'max_exec': 0.007451033333333375, 'repeat': 6, 'number': 6, 'total': 0.23702290000000303}, 100000: {'average': 0.06788302499999954, 'deviation': 1.2424999984043846e-05, 'min_exec': 0.06787059999999911, 'max_exec': 0.06789544999999997, 'repeat': 2, 'number': 2, 'total': 0.27153209999999817}}",11,0.02087060000000207,,11451,3,0,,6,ai.onnx,0,skl2onnx,1.6.995,9.0,1,1.0,1.0,11455,3,0,9.0,1,0.002210600000001506,python_compiled,9.590000000159193e-05,"{1: {'average': 1.81962083333298e-05, 'deviation': 1.0673870606021108e-06, 'min_exec': 1.7454999999995854e-05, 'max_exec': 2.2546666666656277e-05, 'repeat': 40, 'number': 60, 'total': 0.04367089999999152}, 10: {'average': 2.1667937499991742e-05, 'deviation': 1.2032404019348278e-06, 'min_exec': 2.0919999999957638e-05, 'max_exec': 2.6469999999978454e-05, 'repeat': 40, 'number': 40, 'total': 0.034668699999986785}, 100: {'average': 3.186437499997918e-05, 'deviation': 3.2914152659533853e-06, 'min_exec': 2.9443749999913393e-05, 'max_exec': 4.091874999989642e-05, 'repeat': 10, 'number': 16, 'total': 0.005098299999996669}, 1000: {'average': 0.00010924400000003942, 'deviation': 1.2575293396256843e-05, 'min_exec': 0.00010170999999985497, 'max_exec': 0.0001451600000002884, 'repeat': 10, 'number': 10, 'total': 0.010924400000003942}, 10000: {'average': 0.0009010638888889607, 'deviation': 7.281896464967238e-05, 'min_exec': 0.0007973500000003261, 'max_exec': 0.0009754333333334605, 'repeat': 6, 'number': 6, 'total': 0.032438300000002585}, 100000: {'average': 0.008748200000000317, 'deviation': 6.865000000026848e-05, 'min_exec': 0.008679550000000091, 'max_exec': 0.008816850000000542, 'repeat': 2, 'number': 2, 'total': 0.03499280000000127}}",1.1920928955078125e-07,OK-9/1,0.018044048138227527,0.014962946241686884,0.023174184972058774,0.02057901438791585,0.015901187648423076,0.02679834674345103,0.029399197191939733,0.02573923115581198,0.03871261486052594,0.06581665635434604,0.060128995642921616,0.08956955276944595,0.136857240376361,0.10701200280949688,0.1571551707934204,0.12887168773048013,0.12783699054944175,0.12990676375338744,ensemble,<class 'sklearn.ensemble._forest.RandomForestClassifier'>,sklearn,,,,
default,RandomForestClassifier,0.22.2.post1,m-cl,predict_proba,1,True,{},float32,{},"[('X', array([[5.181278  , 3.2508938 , 0.8796077 , 0.04524896]], dtype=float32))]",4,0.01428370000000001,11,222,10,8,3.0,3,4,10,8,4,3,3.0,222,116,0.3,0.0010841999999975371,True,"{1: {'average': 0.001008432708333332, 'deviation': 3.7132025183955645e-05, 'min_exec': 0.0009729216666666336, 'max_exec': 0.001166548333333317, 'repeat': 40, 'number': 60, 'total': 2.4202384999999964}, 10: {'average': 0.0010529142500000058, 'deviation': 5.920850316677488e-05, 'min_exec': 0.000987747500000058, 'max_exec': 0.0013156250000000646, 'repeat': 40, 'number': 40, 'total': 1.6846628000000088}, 100: {'average': 0.0010838518750000193, 'deviation': 2.374397802766821e-05, 'min_exec': 0.0010569875000001616, 'max_exec': 0.0011439250000000456, 'repeat': 10, 'number': 16, 'total': 0.17341630000000308}, 1000: {'average': 0.0016598229999999956, 'deviation': 2.4002580298775895e-05, 'min_exec': 0.001620640000000151, 'max_exec': 0.0016915299999997302, 'repeat': 10, 'number': 10, 'total': 0.16598229999999958}, 10000: {'average': 0.006583969444444528, 'deviation': 0.0004045496474609764, 'min_exec': 0.006206816666666744, 'max_exec': 0.007451033333333375, 'repeat': 6, 'number': 6, 'total': 0.23702290000000303}, 100000: {'average': 0.06788302499999954, 'deviation': 1.2424999984043846e-05, 'min_exec': 0.06787059999999911, 'max_exec': 0.06789544999999997, 'repeat': 2, 'number': 2, 'total': 0.27153209999999817}}",11,0.03603389999999962,,11451,3,0,,6,ai.onnx,0,skl2onnx,1.6.995,9.0,1,1.0,1.0,11455,3,0,9.0,1,0.005192999999998449,onnxruntime1,0.00025309999999834076,"{1: {'average': 3.55528749999993e-05, 'deviation': 9.673859493413865e-06, 'min_exec': 2.246499999998264e-05, 'max_exec': 4.711333333335214e-05, 'repeat': 40, 'number': 60, 'total': 0.08532689999999832}, 10: {'average': 3.9756625000000325e-05, 'deviation': 3.7556364952426644e-06, 'min_exec': 3.599249999997056e-05, 'max_exec': 5.121250000001964e-05, 'repeat': 40, 'number': 40, 'total': 0.06361060000000052}, 100: {'average': 0.00023345187499999032, 'deviation': 5.8965855721883397e-05, 'min_exec': 0.00017336874999984708, 'max_exec': 0.00036378749999999016, 'repeat': 10, 'number': 16, 'total': 0.03735229999999845}, 1000: {'average': 0.0016593330000000607, 'deviation': 3.6997153687771045e-05, 'min_exec': 0.0016119700000000847, 'max_exec': 0.0017209300000001094, 'repeat': 10, 'number': 10, 'total': 0.16593330000000606}, 10000: {'average': 0.01766961666666658, 'deviation': 0.0002449925034755746, 'min_exec': 0.01738255000000007, 'max_exec': 0.018036966666666505, 'repeat': 6, 'number': 6, 'total': 0.6361061999999968}, 100000: {'average': 0.20585002499999927, 'deviation': 0.0013703749999986832, 'min_exec': 0.20447964999999968, 'max_exec': 0.20722039999999886, 'repeat': 2, 'number': 2, 'total': 0.8234000999999971}}",1.1920928955078125e-07,OK-9/1,0.03525557501874234,0.019257667563409676,0.048424590537457186,0.03775865413541521,0.02735771971494065,0.051847764737462394,0.21539094075930454,0.15155604606931414,0.344173890419645,0.9997047877997022,0.9529656583095434,1.061882959818312,2.6837330907688193,2.3329046083093585,2.9059931419487093,3.0324226859365897,3.011684140837122,3.0531688242037283,ensemble,<class 'sklearn.ensemble._forest.RandomForestClassifier'>,sklearn,,,,
default,RandomForestClassifier,0.22.2.post1,m-cl,predict_proba,1,True,{},float32,{},"[('X', array([[ 4.1083810e-01,  2.6304731e-01,  1.3721450e-01, -1.7567504e-03,
         5.1964874e+00,  3.2427704e+00,  8.4761304e-01, -2.4602504e-02,
         5.2069993e+00,  3.2651100e+00,  1.0321470e+00,  1.6901278e-01,
         5.1887398e+00,  3.2468615e+00,  9.0747643e-01,  9.0821601e-02,
         5.2152643e+00,  3.2097692e+00,  8.9097136e-01,  3.4887988e-02,
         5.1805882e+00,  3.2566366e+00,  9.8206997e-01,  3.9286662e-02,
         5.1143999e+00,  3.2421827e+00,  9.1437185e-01,  8.2414784e-02,
         5.1235404e+00,  3.1717598e+00,  8.0250973e-01,  1.5948552e-01,
         5.1670718e+00,  3.2486389e+00,  8.9558423e-01,  3.3958059e-02,
         5.1506152e+00,  3.2189939e+00,  5.8342332e-01, -6.4902149e-02,
         5.1644597e+00,  3.2736051e+00,  8.6621600e-01, -5.1090112e-03,
         5.1118765e+00,  3.2684355e+00,  9.2872828e-01,  9.5820501e-02,
         5.1956811e+00,  3.1972427e+00]], dtype=float32))]",50,0.013554100000000346,11,162,10,7,3.0,3,50,10,7,50,3,3.0,162,86,0.3,0.0011779999999994573,True,"{1: {'average': 0.0010217912916666715, 'deviation': 7.827965196216385e-05, 'min_exec': 0.000963595000000043, 'max_exec': 0.0013983583333333272, 'repeat': 40, 'number': 60, 'total': 2.452299100000012}, 10: {'average': 0.0010375256250000086, 'deviation': 4.777735305152396e-05, 'min_exec': 0.001001464999999957, 'max_exec': 0.0012394200000000132, 'repeat': 40, 'number': 40, 'total': 1.6600410000000139}, 100: {'average': 0.001096364999999966, 'deviation': 1.3119690056840532e-05, 'min_exec': 0.0010738749999998909, 'max_exec': 0.00111659374999995, 'repeat': 10, 'number': 16, 'total': 0.17541839999999453}, 1000: {'average': 0.0017473479999999951, 'deviation': 5.6857297825327254e-05, 'min_exec': 0.0016953799999999575, 'max_exec': 0.0019083599999998313, 'repeat': 10, 'number': 10, 'total': 0.17473479999999952}, 10000: {'average': 0.008394013888888866, 'deviation': 6.143119338004271e-05, 'min_exec': 0.008293716666666265, 'max_exec': 0.008455966666666962, 'repeat': 6, 'number': 6, 'total': 0.3021844999999992}, 100000: {'average': 0.09141885000000016, 'deviation': 0.0015511499999992834, 'min_exec': 0.089867700000001, 'max_exec': 0.09296999999999933, 'repeat': 2, 'number': 2, 'total': 0.36567540000000065}}",11,0.01898260000000107,,8601,3,0,,6,ai.onnx,0,skl2onnx,1.6.995,9.0,1,1.0,1.0,8605,3,0,9.0,1,0.0019066999999992618,python_compiled,9.209999999981733e-05,"{1: {'average': 1.8881833333330707e-05, 'deviation': 2.2037129589736944e-06, 'min_exec': 1.7654999999964597e-05, 'max_exec': 2.9246666666675007e-05, 'repeat': 40, 'number': 60, 'total': 0.045316399999993706}, 10: {'average': 2.163299999999646e-05, 'deviation': 1.1727393412379914e-06, 'min_exec': 2.0895000000020758e-05, 'max_exec': 2.610249999994707e-05, 'repeat': 40, 'number': 40, 'total': 0.03461279999999434}, 100: {'average': 3.0950000000018465e-05, 'deviation': 2.4618511200641287e-06, 'min_exec': 2.9118750000112215e-05, 'max_exec': 3.696874999992161e-05, 'repeat': 10, 'number': 16, 'total': 0.004952000000002954}, 1000: {'average': 0.00011192000000001202, 'deviation': 1.6356447046935688e-05, 'min_exec': 9.939000000009912e-05, 'max_exec': 0.00014962999999994507, 'repeat': 10, 'number': 10, 'total': 0.011192000000001201}, 10000: {'average': 0.0009236361111110764, 'deviation': 0.00010320217905065587, 'min_exec': 0.0007791166666664869, 'max_exec': 0.0010540499999998805, 'repeat': 6, 'number': 6, 'total': 0.03325089999999875}, 100000: {'average': 0.008646525000000516, 'deviation': 3.9724999999771935e-05, 'min_exec': 0.008606800000000803, 'max_exec': 0.008686250000000229, 'repeat': 2, 'number': 2, 'total': 0.03458610000000206}}",1.1920928955078125e-07,OK-9/1,0.0184791488118205,0.01262551921000078,0.030351617294271663,0.02085056935340395,0.016858691968840697,0.026064315777334396,0.028229649797302383,0.026078195404652334,0.03442556163419892,0.06405135096157853,0.05208136829534674,0.08825749979352641,0.11003509445388113,0.09213809578244077,0.12709018674779077,0.09458142385296359,0.09257609981715462,0.09665597316944945,ensemble,<class 'sklearn.ensemble._forest.RandomForestClassifier'>,sklearn,,,,
default,RandomForestClassifier,0.22.2.post1,m-cl,predict_proba,1,True,{},float32,{},"[('X', array([[ 4.1083810e-01,  2.6304731e-01,  1.3721450e-01, -1.7567504e-03,
         5.1964874e+00,  3.2427704e+00,  8.4761304e-01, -2.4602504e-02,
         5.2069993e+00,  3.2651100e+00,  1.0321470e+00,  1.6901278e-01,
         5.1887398e+00,  3.2468615e+00,  9.0747643e-01,  9.0821601e-02,
         5.2152643e+00,  3.2097692e+00,  8.9097136e-01,  3.4887988e-02,
         5.1805882e+00,  3.2566366e+00,  9.8206997e-01,  3.9286662e-02,
         5.1143999e+00,  3.2421827e+00,  9.1437185e-01,  8.2414784e-02,
         5.1235404e+00,  3.1717598e+00,  8.0250973e-01,  1.5948552e-01,
         5.1670718e+00,  3.2486389e+00,  8.9558423e-01,  3.3958059e-02,
         5.1506152e+00,  3.2189939e+00,  5.8342332e-01, -6.4902149e-02,
         5.1644597e+00,  3.2736051e+00,  8.6621600e-01, -5.1090112e-03,
         5.1118765e+00,  3.2684355e+00,  9.2872828e-01,  9.5820501e-02,
         5.1956811e+00,  3.1972427e+00]], dtype=float32))]",50,0.013554100000000346,11,162,10,7,3.0,3,50,10,7,50,3,3.0,162,86,0.3,0.0011779999999994573,True,"{1: {'average': 0.0010217912916666715, 'deviation': 7.827965196216385e-05, 'min_exec': 0.000963595000000043, 'max_exec': 0.0013983583333333272, 'repeat': 40, 'number': 60, 'total': 2.452299100000012}, 10: {'average': 0.0010375256250000086, 'deviation': 4.777735305152396e-05, 'min_exec': 0.001001464999999957, 'max_exec': 0.0012394200000000132, 'repeat': 40, 'number': 40, 'total': 1.6600410000000139}, 100: {'average': 0.001096364999999966, 'deviation': 1.3119690056840532e-05, 'min_exec': 0.0010738749999998909, 'max_exec': 0.00111659374999995, 'repeat': 10, 'number': 16, 'total': 0.17541839999999453}, 1000: {'average': 0.0017473479999999951, 'deviation': 5.6857297825327254e-05, 'min_exec': 0.0016953799999999575, 'max_exec': 0.0019083599999998313, 'repeat': 10, 'number': 10, 'total': 0.17473479999999952}, 10000: {'average': 0.008394013888888866, 'deviation': 6.143119338004271e-05, 'min_exec': 0.008293716666666265, 'max_exec': 0.008455966666666962, 'repeat': 6, 'number': 6, 'total': 0.3021844999999992}, 100000: {'average': 0.09141885000000016, 'deviation': 0.0015511499999992834, 'min_exec': 0.089867700000001, 'max_exec': 0.09296999999999933, 'repeat': 2, 'number': 2, 'total': 0.36567540000000065}}",11,0.03151430000000133,,8601,3,0,,6,ai.onnx,0,skl2onnx,1.6.995,9.0,1,1.0,1.0,8605,3,0,9.0,1,0.0045706000000009794,onnxruntime1,0.00025450000000049045,"{1: {'average': 3.536162499999958e-05, 'deviation': 8.034407193852126e-06, 'min_exec': 1.9956666666646563e-05, 'max_exec': 4.475333333330648e-05, 'repeat': 40, 'number': 60, 'total': 0.084867899999999}, 10: {'average': 3.6663249999999704e-05, 'deviation': 3.145565539369188e-06, 'min_exec': 3.4279999999942135e-05, 'max_exec': 4.612999999995537e-05, 'repeat': 40, 'number': 40, 'total': 0.058661199999999525}, 100: {'average': 0.00017925562500002988, 'deviation': 9.485867139624145e-06, 'min_exec': 0.00017020624999997125, 'max_exec': 0.00019964375000003365, 'repeat': 10, 'number': 16, 'total': 0.028680900000004783}, 1000: {'average': 0.0016268879999999798, 'deviation': 9.432398210415013e-06, 'min_exec': 0.0016147300000000087, 'max_exec': 0.001645080000000121, 'repeat': 10, 'number': 10, 'total': 0.16268879999999797}, 10000: {'average': 0.018027305555555588, 'deviation': 0.0004834248379537583, 'min_exec': 0.017290016666666592, 'max_exec': 0.018606000000000122, 'repeat': 6, 'number': 6, 'total': 0.6489830000000012}, 100000: {'average': 0.23078667500000005, 'deviation': 0.016177724999999376, 'min_exec': 0.21460895000000058, 'max_exec': 0.24696439999999953, 'repeat': 2, 'number': 2, 'total': 0.9231467000000002}}",1.1920928955078125e-07,OK-9/1,0.03460748323889145,0.014271496933890324,0.04644413195720659,0.03533719950290327,0.027658098142632658,0.04606251841048599,0.16349995211451976,0.15243346114016745,0.18590967291356436,0.9310612425229458,0.846134901171766,0.9703311352028231,2.14763828058687,2.0447120179438567,2.2433850525398973,2.5244976829176875,2.3083677530386373,2.7480885791001306,ensemble,<class 'sklearn.ensemble._forest.RandomForestClassifier'>,sklearn,,,,
default,RandomForestClassifier,0.22.2.post1,~m-label,predict_proba,1,True,{},float32,{},"[('X', array([[5.181278  , 3.2508938 , 0.8796077 , 0.04524896]], dtype=float32))]",4,0.01656359999999779,11,550,10,11,,"[2, 2, 2]",4,10,11,4,2,,550,280,0.3,0.0014163000000024795,True,"{1: {'average': 0.0012354068749999996, 'deviation': 4.688342734644031e-05, 'min_exec': 0.001185449999999951, 'max_exec': 0.0014062066666666575, 'repeat': 40, 'number': 60, 'total': 2.964976499999999}, 10: {'average': 0.0013456422499999831, 'deviation': 5.279074953234881e-05, 'min_exec': 0.0013010699999998821, 'max_exec': 0.0015713874999999434, 'repeat': 40, 'number': 40, 'total': 2.153027599999973}, 100: {'average': 0.0016180968750000523, 'deviation': 0.00016883466381371973, 'min_exec': 0.0015337062500000442, 'max_exec': 0.002121143750000165, 'repeat': 10, 'number': 16, 'total': 0.2588955000000084}, 1000: {'average': 0.003493863999999931, 'deviation': 0.00033260636449712556, 'min_exec': 0.0032205300000001102, 'max_exec': 0.004204159999999746, 'repeat': 10, 'number': 10, 'total': 0.3493863999999931}, 10000: {'average': 0.01935301944444411, 'deviation': 0.0004940027135193261, 'min_exec': 0.018966533333332574, 'max_exec': 0.02043191666666644, 'repeat': 6, 'number': 6, 'total': 0.6967086999999879}, 100000: {'average': 0.21804079999999892, 'deviation': 0.0014917000000002477, 'min_exec': 0.21654909999999816, 'max_exec': 0.2195324999999997, 'repeat': 2, 'number': 2, 'total': 0.8721631999999957}}",11,0.10701580000000632,,46388,91,42,,6,ai.onnx,0,skl2onnx,1.6.995,11.0,1,21.0,1.0,45440,91,17,11.0,1,0.016923999999995942,python_compiled,0.001532899999993731,"{1: {'average': 0.0005696010833333383, 'deviation': 9.864705423147491e-05, 'min_exec': 0.0004904916666666518, 'max_exec': 0.0010157799999999404, 'repeat': 40, 'number': 60, 'total': 1.367042600000012}, 10: {'average': 0.0005887340624999916, 'deviation': 6.86248097872961e-05, 'min_exec': 0.0005385450000000347, 'max_exec': 0.0009320225000001514, 'repeat': 40, 'number': 40, 'total': 0.9419744999999864}, 100: {'average': 0.0012429743749999389, 'deviation': 1.8953204801995092e-05, 'min_exec': 0.001218975000000011, 'max_exec': 0.0012831562499999727, 'repeat': 10, 'number': 16, 'total': 0.19887589999999022}, 1000: {'average': 0.00264352499999994, 'deviation': 0.0003017134793225907, 'min_exec': 0.0024290100000001758, 'max_exec': 0.0033830699999995773, 'repeat': 10, 'number': 10, 'total': 0.264352499999994}, 10000: {'average': 0.02833359166666681, 'deviation': 0.0026210861168986825, 'min_exec': 0.026647483333333593, 'max_exec': 0.03411785000000004, 'repeat': 6, 'number': 6, 'total': 1.0200093000000052}, 100000: {'average': 0.30106192500000084, 'deviation': 0.003222075000004395, 'min_exec': 0.297839849999999, 'max_exec': 0.30428400000000266, 'repeat': 2, 'number': 2, 'total': 1.2042477000000034}}",3.973642988726785e-08,OK-11/1,0.4610635531175415,0.3488048224300755,0.8568729174574907,0.43751157672107793,0.3427194119846658,0.716350772825625,0.7681705553012076,0.5746781659658456,0.8366375568984841,0.7566193188973561,0.577763453341529,1.0504699537031053,1.464039849078995,1.3042086930986516,1.7988448073449412,1.3807595871965355,1.356700488538141,1.4051501483959308,ensemble,<class 'sklearn.ensemble._forest.RandomForestClassifier'>,sklearn,3.0,26.0,,
default,RandomForestClassifier,0.22.2.post1,~m-label,predict_proba,1,True,{},float32,{},"[('X', array([[5.181278  , 3.2508938 , 0.8796077 , 0.04524896]], dtype=float32))]",4,0.01656359999999779,11,550,10,11,,"[2, 2, 2]",4,10,11,4,2,,550,280,0.3,0.0014163000000024795,True,"{1: {'average': 0.0012354068749999996, 'deviation': 4.688342734644031e-05, 'min_exec': 0.001185449999999951, 'max_exec': 0.0014062066666666575, 'repeat': 40, 'number': 60, 'total': 2.964976499999999}, 10: {'average': 0.0013456422499999831, 'deviation': 5.279074953234881e-05, 'min_exec': 0.0013010699999998821, 'max_exec': 0.0015713874999999434, 'repeat': 40, 'number': 40, 'total': 2.153027599999973}, 100: {'average': 0.0016180968750000523, 'deviation': 0.00016883466381371973, 'min_exec': 0.0015337062500000442, 'max_exec': 0.002121143750000165, 'repeat': 10, 'number': 16, 'total': 0.2588955000000084}, 1000: {'average': 0.003493863999999931, 'deviation': 0.00033260636449712556, 'min_exec': 0.0032205300000001102, 'max_exec': 0.004204159999999746, 'repeat': 10, 'number': 10, 'total': 0.3493863999999931}, 10000: {'average': 0.01935301944444411, 'deviation': 0.0004940027135193261, 'min_exec': 0.018966533333332574, 'max_exec': 0.02043191666666644, 'repeat': 6, 'number': 6, 'total': 0.6967086999999879}, 100000: {'average': 0.21804079999999892, 'deviation': 0.0014917000000002477, 'min_exec': 0.21654909999999816, 'max_exec': 0.2195324999999997, 'repeat': 2, 'number': 2, 'total': 0.8721631999999957}}",11,0.07807340000000096,,46388,91,42,,6,ai.onnx,0,skl2onnx,1.6.995,11.0,1,21.0,1.0,45440,91,17,11.0,1,0.0007644000000013307,onnxruntime1,,,,ERROR-_5ort_load_exc,,,,,,,,,,,,,,,,,,,ensemble,<class 'sklearn.ensemble._forest.RandomForestClassifier'>,sklearn,3.0,26.0,"Unable to create InferenceSession due to '[ONNXRuntimeError] : 1 : FAIL : Node:Cast20 Output:output_label [ShapeInferenceError] Mismatch between number of source and target dimensions. Source=2 Target=1'
ir_version: 6
producer_name: ""skl2onnx""
producer_version: ""1.6.995""
domain: ""ai.onnx""
model_version: 0
doc_string: """"
graph {
  node {
    input: ""X""
    output: ""indices""
    output: ""dummy_proba""
    name: ""TreeEnsembleClassifier""
    op_type: ""TreeEnsembleClassifier""
    attribute {
      name: ""class_ids""
      ints: 3
      ints: 4
      ints: 8
      ints: 9
      ints: 11
      ints: 12
      ints: 13
      ints: 16
      ints: 19
      ints: 22
      ints: 24
      ints: 25
      ints: 2
[...]
lem_type: 7
        shape {
          dim {
            dim_value: 1
          }
        }
      }
    }
  }
  output {
    name: ""output_probability""
    type {
      sequence_type {
        elem_type {
          map_type {
            key_type: 7
            value_type {
              tensor_type {
                elem_type: 1
              }
            }
          }
        }
      }
    }
  }
}
opset_import {
  domain: """"
  version: 11
}
opset_import {
  domain: ""ai.onnx.ml""
  version: 1
}
.","Unable to create InferenceSession due to '[ONNXRuntimeError] : 1 : FAIL : Node:Cast20 Output:output_label [ShapeInferenceError] Mismatch between number of source and target dimensions. Source=2 Target=1'
ir_version: 6
producer_name: ""skl2onnx""
producer_version: ""1.6.995""
domain: ""ai.onnx""
model_version: 0
doc_string: """"
graph {
  node {
    input: ""X""
    output: ""indices""
    output: ""dummy_proba""
    name: ""TreeEnsembleClassifier""
    op_type: ""TreeEnsembleClassifier""
    attribute {
      name: ""class_ids""
      ints: 3
      ints: 4
      ints: 8
      ints: 9
      ints: 11
      ints: 12
      ints: 13
      ints: 16
      ints: 19
      ints: 22
      ints: 24
      ints: 25
      ints: 2
[...]
lem_type: 7
        shape {
          dim {
            dim_value: 1
          }
        }
      }
    }
  }
  output {
    name: ""output_probability""
    type {
      sequence_type {
        elem_type {
          map_type {
            key_type: 7
            value_type {
              tensor_type {
                elem_type: 1
              }
            }
          }
        }
      }
    }
  }
}
opset_import {
  domain: """"
  version: 11
}
opset_import {
  domain: ""ai.onnx.ml""
  version: 1
}
."
default,RandomForestClassifier,0.22.2.post1,~m-label,predict_proba,1,True,{},float32,{},"[('X', array([[ 4.1083810e-01,  2.6304731e-01,  1.3721450e-01, -1.7567504e-03,
         5.1964874e+00,  3.2427704e+00,  8.4761304e-01, -2.4602504e-02,
         5.2069993e+00,  3.2651100e+00,  1.0321470e+00,  1.6901278e-01,
         5.1887398e+00,  3.2468615e+00,  9.0747643e-01,  9.0821601e-02,
         5.2152643e+00,  3.2097692e+00,  8.9097136e-01,  3.4887988e-02,
         5.1805882e+00,  3.2566366e+00,  9.8206997e-01,  3.9286662e-02,
         5.1143999e+00,  3.2421827e+00,  9.1437185e-01,  8.2414784e-02,
         5.1235404e+00,  3.1717598e+00,  8.0250973e-01,  1.5948552e-01,
         5.1670718e+00,  3.2486389e+00,  8.9558423e-01,  3.3958059e-02,
         5.1506152e+00,  3.2189939e+00,  5.8342332e-01, -6.4902149e-02,
         5.1644597e+00,  3.2736051e+00,  8.6621600e-01, -5.1090112e-03,
         5.1118765e+00,  3.2684355e+00,  9.2872828e-01,  9.5820501e-02,
         5.1956811e+00,  3.1972427e+00]], dtype=float32))]",50,0.015575599999998246,11,442,10,9,,"[2, 2, 2]",50,10,9,50,2,,442,226,0.3,0.0014654000000007272,True,"{1: {'average': 0.001249751458333333, 'deviation': 5.871329417909225e-05, 'min_exec': 0.0011942499999999967, 'max_exec': 0.001442681666666701, 'repeat': 40, 'number': 60, 'total': 2.9994034999999997}, 10: {'average': 0.0014079448749999912, 'deviation': 0.0001416863635176582, 'min_exec': 0.0013134749999998974, 'max_exec': 0.002004432500000064, 'repeat': 40, 'number': 40, 'total': 2.252711799999986}, 100: {'average': 0.0019270081249999293, 'deviation': 0.0001644448762135528, 'min_exec': 0.0016201937499999985, 'max_exec': 0.0022198750000002043, 'repeat': 10, 'number': 16, 'total': 0.3083212999999887}, 1000: {'average': 0.0032960809999998024, 'deviation': 2.6839114161931297e-05, 'min_exec': 0.003253329999999721, 'max_exec': 0.0033328799999999604, 'repeat': 10, 'number': 10, 'total': 0.3296080999999802}, 10000: {'average': 0.022026716666666682, 'deviation': 0.001037260903417705, 'min_exec': 0.020854816666666665, 'max_exec': 0.023825199999999807, 'repeat': 6, 'number': 6, 'total': 0.7929618000000005}, 100000: {'average': 0.22780979999999929, 'deviation': 0.0011581999999979743, 'min_exec': 0.2266516000000003, 'max_exec': 0.22896799999999828, 'repeat': 2, 'number': 2, 'total': 0.9112391999999971}}",11,0.07589959999999962,,39589,91,42,,6,ai.onnx,0,skl2onnx,1.6.995,11.0,1,21.0,1.0,38641,91,17,11.0,1,0.012634400000003154,python_compiled,0.001367800000004138,"{1: {'average': 0.0005666957499999962, 'deviation': 9.455281238174393e-05, 'min_exec': 0.0005108133333333598, 'max_exec': 0.0009804383333333296, 'repeat': 40, 'number': 60, 'total': 1.360069799999991}, 10: {'average': 0.0005755638124999995, 'deviation': 6.706887403068123e-05, 'min_exec': 0.0005280749999998946, 'max_exec': 0.0009515774999998783, 'repeat': 40, 'number': 40, 'total': 0.9209020999999993}, 100: {'average': 0.0012442625000000707, 'deviation': 1.3333428385069194e-05, 'min_exec': 0.0012266062499999286, 'max_exec': 0.001275481249999988, 'repeat': 10, 'number': 16, 'total': 0.1990820000000113}, 1000: {'average': 0.0024528249999999476, 'deviation': 0.00012741059337825514, 'min_exec': 0.0023448299999998313, 'max_exec': 0.0028150699999997643, 'repeat': 10, 'number': 10, 'total': 0.24528249999999474}, 10000: {'average': 0.02590084722222209, 'deviation': 0.0008596357894491965, 'min_exec': 0.024796050000000253, 'max_exec': 0.027352600000000393, 'repeat': 6, 'number': 6, 'total': 0.9324304999999953}, 100000: {'average': 0.2893245750000002, 'deviation': 0.0037677749999973937, 'min_exec': 0.28555680000000194, 'max_exec': 0.29309234999999845, 'repeat': 2, 'number': 2, 'total': 1.1572983000000008}}",3.973642988726785e-08,OK-11/1,0.4534467603308429,0.35407210414864976,0.8209657386086098,0.40879712176231553,0.2634536209125914,0.724473248443977,0.6456965509681577,0.5525564502504942,0.7872399520119054,0.7441640542207836,0.7035446820767202,0.865288796402457,1.1758832518792135,1.0407488709433899,1.3115723066374145,1.2700269040225711,1.2471471996086967,1.2931404410999,ensemble,<class 'sklearn.ensemble._forest.RandomForestClassifier'>,sklearn,3.0,26.0,,
default,RandomForestClassifier,0.22.2.post1,~m-label,predict_proba,1,True,{},float32,{},"[('X', array([[ 4.1083810e-01,  2.6304731e-01,  1.3721450e-01, -1.7567504e-03,
         5.1964874e+00,  3.2427704e+00,  8.4761304e-01, -2.4602504e-02,
         5.2069993e+00,  3.2651100e+00,  1.0321470e+00,  1.6901278e-01,
         5.1887398e+00,  3.2468615e+00,  9.0747643e-01,  9.0821601e-02,
         5.2152643e+00,  3.2097692e+00,  8.9097136e-01,  3.4887988e-02,
         5.1805882e+00,  3.2566366e+00,  9.8206997e-01,  3.9286662e-02,
         5.1143999e+00,  3.2421827e+00,  9.1437185e-01,  8.2414784e-02,
         5.1235404e+00,  3.1717598e+00,  8.0250973e-01,  1.5948552e-01,
         5.1670718e+00,  3.2486389e+00,  8.9558423e-01,  3.3958059e-02,
         5.1506152e+00,  3.2189939e+00,  5.8342332e-01, -6.4902149e-02,
         5.1644597e+00,  3.2736051e+00,  8.6621600e-01, -5.1090112e-03,
         5.1118765e+00,  3.2684355e+00,  9.2872828e-01,  9.5820501e-02,
         5.1956811e+00,  3.1972427e+00]], dtype=float32))]",50,0.015575599999998246,11,442,10,9,,"[2, 2, 2]",50,10,9,50,2,,442,226,0.3,0.0014654000000007272,True,"{1: {'average': 0.001249751458333333, 'deviation': 5.871329417909225e-05, 'min_exec': 0.0011942499999999967, 'max_exec': 0.001442681666666701, 'repeat': 40, 'number': 60, 'total': 2.9994034999999997}, 10: {'average': 0.0014079448749999912, 'deviation': 0.0001416863635176582, 'min_exec': 0.0013134749999998974, 'max_exec': 0.002004432500000064, 'repeat': 40, 'number': 40, 'total': 2.252711799999986}, 100: {'average': 0.0019270081249999293, 'deviation': 0.0001644448762135528, 'min_exec': 0.0016201937499999985, 'max_exec': 0.0022198750000002043, 'repeat': 10, 'number': 16, 'total': 0.3083212999999887}, 1000: {'average': 0.0032960809999998024, 'deviation': 2.6839114161931297e-05, 'min_exec': 0.003253329999999721, 'max_exec': 0.0033328799999999604, 'repeat': 10, 'number': 10, 'total': 0.3296080999999802}, 10000: {'average': 0.022026716666666682, 'deviation': 0.001037260903417705, 'min_exec': 0.020854816666666665, 'max_exec': 0.023825199999999807, 'repeat': 6, 'number': 6, 'total': 0.7929618000000005}, 100000: {'average': 0.22780979999999929, 'deviation': 0.0011581999999979743, 'min_exec': 0.2266516000000003, 'max_exec': 0.22896799999999828, 'repeat': 2, 'number': 2, 'total': 0.9112391999999971}}",11,0.07677879999999959,,39589,91,42,,6,ai.onnx,0,skl2onnx,1.6.995,11.0,1,21.0,1.0,38641,91,17,11.0,1,0.0006529999999997926,onnxruntime1,,,,ERROR-_5ort_load_exc,,,,,,,,,,,,,,,,,,,ensemble,<class 'sklearn.ensemble._forest.RandomForestClassifier'>,sklearn,3.0,26.0,"Unable to create InferenceSession due to '[ONNXRuntimeError] : 1 : FAIL : Node:Cast20 Output:output_label [ShapeInferenceError] Mismatch between number of source and target dimensions. Source=2 Target=1'
ir_version: 6
producer_name: ""skl2onnx""
producer_version: ""1.6.995""
domain: ""ai.onnx""
model_version: 0
doc_string: """"
graph {
  node {
    input: ""X""
    output: ""indices""
    output: ""dummy_proba""
    name: ""TreeEnsembleClassifier""
    op_type: ""TreeEnsembleClassifier""
    attribute {
      name: ""class_ids""
      ints: 3
      ints: 5
      ints: 6
      ints: 7
      ints: 11
      ints: 14
      ints: 15
      ints: 18
      ints: 20
      ints: 21
      ints: 23
      ints: 24
      ints: 2
[...]
lem_type: 7
        shape {
          dim {
            dim_value: 1
          }
        }
      }
    }
  }
  output {
    name: ""output_probability""
    type {
      sequence_type {
        elem_type {
          map_type {
            key_type: 7
            value_type {
              tensor_type {
                elem_type: 1
              }
            }
          }
        }
      }
    }
  }
}
opset_import {
  domain: """"
  version: 11
}
opset_import {
  domain: ""ai.onnx.ml""
  version: 1
}
.","Unable to create InferenceSession due to '[ONNXRuntimeError] : 1 : FAIL : Node:Cast20 Output:output_label [ShapeInferenceError] Mismatch between number of source and target dimensions. Source=2 Target=1'
ir_version: 6
producer_name: ""skl2onnx""
producer_version: ""1.6.995""
domain: ""ai.onnx""
model_version: 0
doc_string: """"
graph {
  node {
    input: ""X""
    output: ""indices""
    output: ""dummy_proba""
    name: ""TreeEnsembleClassifier""
    op_type: ""TreeEnsembleClassifier""
    attribute {
      name: ""class_ids""
      ints: 3
      ints: 5
      ints: 6
      ints: 7
      ints: 11
      ints: 14
      ints: 15
      ints: 18
      ints: 20
      ints: 21
      ints: 23
      ints: 24
      ints: 2
[...]
lem_type: 7
        shape {
          dim {
            dim_value: 1
          }
        }
      }
    }
  }
  output {
    name: ""output_probability""
    type {
      sequence_type {
        elem_type {
          map_type {
            key_type: 7
            value_type {
              tensor_type {
                elem_type: 1
              }
            }
          }
        }
      }
    }
  }
}
opset_import {
  domain: """"
  version: 11
}
opset_import {
  domain: ""ai.onnx.ml""
  version: 1
}
."
default,RandomForestRegressor,0.22.2.post1,b-reg,predict,0,True,{},float32,{},"[('X', array([[5.181278  , 3.2508938 , 0.8796077 , 0.04524896]], dtype=float32))]",4,0.016462799999999334,11,1398,10,13,,,4,10,13,4,1,,1398,704,0.3,0.0014492999999973222,True,"{1: {'average': 0.0008567741249999995, 'deviation': 0.00013602838309725374, 'min_exec': 0.0007827083333333225, 'max_exec': 0.0015986333333332917, 'repeat': 40, 'number': 60, 'total': 2.0562578999999985}, 10: {'average': 0.0008162290624999756, 'deviation': 2.59722159762228e-05, 'min_exec': 0.0007820549999999927, 'max_exec': 0.0009048424999999582, 'repeat': 40, 'number': 40, 'total': 1.3059664999999612}, 100: {'average': 0.0008684837500000153, 'deviation': 2.3627155358074654e-05, 'min_exec': 0.0008172250000000325, 'max_exec': 0.000911750000000211, 'repeat': 10, 'number': 16, 'total': 0.13895740000000245}, 1000: {'average': 0.0011062780000000317, 'deviation': 2.1561189113680386e-05, 'min_exec': 0.0010664300000001957, 'max_exec': 0.0011349699999996688, 'repeat': 10, 'number': 10, 'total': 0.11062780000000316}, 10000: {'average': 0.003241925000000102, 'deviation': 3.391534497849305e-05, 'min_exec': 0.003207599999999644, 'max_exec': 0.0033039500000005737, 'repeat': 6, 'number': 6, 'total': 0.11670930000000368}, 100000: {'average': 0.026427524999999008, 'deviation': 0.0009411750000011917, 'min_exec': 0.02548634999999777, 'max_exec': 0.027368700000000246, 'repeat': 2, 'number': 2, 'total': 0.10571009999999603}}",11,0.05425489999999655,,51929,1,0,,6,ai.onnx,0,skl2onnx,1.6.995,,1,,,51933,1,0,,1,0.006094300000000885,python_compiled,8.21000000001959e-05,"{1: {'average': 8.999916666668401e-06, 'deviation': 5.303380669631514e-07, 'min_exec': 8.63833333338467e-06, 'max_exec': 1.1266666666642777e-05, 'repeat': 40, 'number': 60, 'total': 0.021599800000004166}, 10: {'average': 1.3986812500008659e-05, 'deviation': 1.6904528782225923e-06, 'min_exec': 1.3237499999974033e-05, 'max_exec': 2.2029999999872983e-05, 'repeat': 40, 'number': 40, 'total': 0.022378900000013857}, 100: {'average': 2.2375000000041113e-05, 'deviation': 3.1633175821204586e-06, 'min_exec': 2.1056250000039967e-05, 'max_exec': 3.182500000020738e-05, 'repeat': 10, 'number': 16, 'total': 0.003580000000006578}, 1000: {'average': 0.00013053899999995622, 'deviation': 2.697245574650125e-05, 'min_exec': 0.00010911000000035642, 'max_exec': 0.00020102000000008502, 'repeat': 10, 'number': 10, 'total': 0.013053899999995622}, 10000: {'average': 0.0011724194444444121, 'deviation': 0.00011050058212373474, 'min_exec': 0.0009866333333334865, 'max_exec': 0.0013426833333329096, 'repeat': 6, 'number': 6, 'total': 0.04220709999999883}, 100000: {'average': 0.012767300000000148, 'deviation': 0.0012234000000006474, 'min_exec': 0.011543899999999496, 'max_exec': 0.0139907000000008, 'repeat': 2, 'number': 2, 'total': 0.05106920000000059}}",8.67617908812602e-08,OK-/1,0.010504421648667793,0.005403573886059903,0.014394463667789745,0.017135891311158842,0.014629617861644037,0.02816937427658309,0.025763291483623867,0.023094324102040136,0.038942763621042084,0.11799836930676781,0.09613469959592612,0.18849807300999422,0.36164298817658497,0.2986223560687405,0.4185943800140474,0.48310615541942076,0.4217920471194975,0.5489487509981626,ensemble,<class 'sklearn.ensemble._forest.RandomForestRegressor'>,sklearn,,,,
default,RandomForestRegressor,0.22.2.post1,b-reg,predict,0,True,{},float32,{},"[('X', array([[5.181278  , 3.2508938 , 0.8796077 , 0.04524896]], dtype=float32))]",4,0.016462799999999334,11,1398,10,13,,,4,10,13,4,1,,1398,704,0.3,0.0014492999999973222,True,"{1: {'average': 0.0008567741249999995, 'deviation': 0.00013602838309725374, 'min_exec': 0.0007827083333333225, 'max_exec': 0.0015986333333332917, 'repeat': 40, 'number': 60, 'total': 2.0562578999999985}, 10: {'average': 0.0008162290624999756, 'deviation': 2.59722159762228e-05, 'min_exec': 0.0007820549999999927, 'max_exec': 0.0009048424999999582, 'repeat': 40, 'number': 40, 'total': 1.3059664999999612}, 100: {'average': 0.0008684837500000153, 'deviation': 2.3627155358074654e-05, 'min_exec': 0.0008172250000000325, 'max_exec': 0.000911750000000211, 'repeat': 10, 'number': 16, 'total': 0.13895740000000245}, 1000: {'average': 0.0011062780000000317, 'deviation': 2.1561189113680386e-05, 'min_exec': 0.0010664300000001957, 'max_exec': 0.0011349699999996688, 'repeat': 10, 'number': 10, 'total': 0.11062780000000316}, 10000: {'average': 0.003241925000000102, 'deviation': 3.391534497849305e-05, 'min_exec': 0.003207599999999644, 'max_exec': 0.0033039500000005737, 'repeat': 6, 'number': 6, 'total': 0.11670930000000368}, 100000: {'average': 0.026427524999999008, 'deviation': 0.0009411750000011917, 'min_exec': 0.02548634999999777, 'max_exec': 0.027368700000000246, 'repeat': 2, 'number': 2, 'total': 0.10571009999999603}}",11,0.09953319999999621,,51929,1,0,,6,ai.onnx,0,skl2onnx,1.6.995,,1,,,51933,1,0,,1,0.007893899999999121,onnxruntime1,0.00014479999999394977,"{1: {'average': 1.6766583333354865e-05, 'deviation': 2.186082046787213e-06, 'min_exec': 1.488999999992302e-05, 'max_exec': 2.2438333333359613e-05, 'repeat': 40, 'number': 60, 'total': 0.04023980000005167}, 10: {'average': 3.320368749999858e-05, 'deviation': 6.88738892804134e-06, 'min_exec': 2.837749999997641e-05, 'max_exec': 6.952749999999952e-05, 'repeat': 40, 'number': 40, 'total': 0.05312589999999773}, 100: {'average': 0.00016420999999997577, 'deviation': 7.214086264100749e-06, 'min_exec': 0.00015648124999989577, 'max_exec': 0.0001819187500000652, 'repeat': 10, 'number': 16, 'total': 0.026273599999996122}, 1000: {'average': 0.0014874300000000315, 'deviation': 2.7855025758417372e-05, 'min_exec': 0.0014507399999999393, 'max_exec': 0.001553880000000163, 'repeat': 10, 'number': 10, 'total': 0.14874300000000318}, 10000: {'average': 0.01504960555555594, 'deviation': 0.0005618788206864376, 'min_exec': 0.014566033333333431, 'max_exec': 0.016221766666667747, 'repeat': 6, 'number': 6, 'total': 0.5417858000000138}, 100000: {'average': 0.14912749999999875, 'deviation': 0.0030125999999982764, 'min_exec': 0.1461149000000006, 'max_exec': 0.1521400999999969, 'repeat': 2, 'number': 2, 'total': 0.596509999999995}}",5.126654846248739e-08,OK-/1,0.01956943241412067,0.009314205884144836,0.028667553899421782,0.04067937424122236,0.03136181158596962,0.0889035937370136,0.18907665226893752,0.17162736495734526,0.22260546361168337,1.3445354603454005,1.2782188075458936,1.4570857909097434,4.642181899814298,4.408672447625086,5.057291017168459,5.6428855899296035,5.338759239569263,5.969473855613307,ensemble,<class 'sklearn.ensemble._forest.RandomForestRegressor'>,sklearn,,,,
default,RandomForestRegressor,0.22.2.post1,b-reg,predict,0,True,{},float32,{},"[('X', array([[ 4.1083810e-01,  2.6304731e-01,  1.3721450e-01, -1.7567504e-03,
         5.1964874e+00,  3.2427704e+00,  8.4761304e-01, -2.4602504e-02,
         5.2069993e+00,  3.2651100e+00,  1.0321470e+00,  1.6901278e-01,
         5.1887398e+00,  3.2468615e+00,  9.0747643e-01,  9.0821601e-02,
         5.2152643e+00,  3.2097692e+00,  8.9097136e-01,  3.4887988e-02,
         5.1805882e+00,  3.2566366e+00,  9.8206997e-01,  3.9286662e-02,
         5.1143999e+00,  3.2421827e+00,  9.1437185e-01,  8.2414784e-02,
         5.1235404e+00,  3.1717598e+00,  8.0250973e-01,  1.5948552e-01,
         5.1670718e+00,  3.2486389e+00,  8.9558423e-01,  3.3958059e-02,
         5.1506152e+00,  3.2189939e+00,  5.8342332e-01, -6.4902149e-02,
         5.1644597e+00,  3.2736051e+00,  8.6621600e-01, -5.1090112e-03,
         5.1118765e+00,  3.2684355e+00,  9.2872828e-01,  9.5820501e-02,
         5.1956811e+00,  3.1972427e+00]], dtype=float32))]",50,0.02465689999999654,11,1398,10,12,,,50,10,12,50,1,,1398,704,0.3,0.000958199999999465,True,"{1: {'average': 0.0008404606250000116, 'deviation': 7.586703157927598e-05, 'min_exec': 0.0007962883333334503, 'max_exec': 0.0012238483333334217, 'repeat': 40, 'number': 60, 'total': 2.017105500000028}, 10: {'average': 0.0008662218750000239, 'deviation': 0.00020400129161109428, 'min_exec': 0.0007868224999999285, 'max_exec': 0.002034117500000221, 'repeat': 40, 'number': 40, 'total': 1.3859550000000382}, 100: {'average': 0.0008930699999999625, 'deviation': 2.983851875610683e-05, 'min_exec': 0.0008495062499997985, 'max_exec': 0.0009716437499998065, 'repeat': 10, 'number': 16, 'total': 0.142891199999994}, 1000: {'average': 0.0012051860000002535, 'deviation': 3.0808959800700364e-05, 'min_exec': 0.0011534400000002166, 'max_exec': 0.0012563100000008375, 'repeat': 10, 'number': 10, 'total': 0.12051860000002534}, 10000: {'average': 0.00551817777777804, 'deviation': 0.0007803514704125174, 'min_exec': 0.004997200000000627, 'max_exec': 0.007218699999998061, 'repeat': 6, 'number': 6, 'total': 0.19865440000000945}, 100000: {'average': 0.04279744999999835, 'deviation': 3.239999999764308e-05, 'min_exec': 0.04276504999999986, 'max_exec': 0.04282984999999684, 'repeat': 2, 'number': 2, 'total': 0.1711897999999934}}",11,0.05453749999999502,,51930,1,0,,6,ai.onnx,0,skl2onnx,1.6.995,,1,,,51934,1,0,,1,0.006301300000004062,python_compiled,9.450000000299497e-05,"{1: {'average': 9.156124999994591e-06, 'deviation': 5.020194478902409e-07, 'min_exec': 8.74833333336748e-06, 'max_exec': 1.1461666666671514e-05, 'repeat': 40, 'number': 60, 'total': 0.021974699999987024}, 10: {'average': 1.4809187500040008e-05, 'deviation': 2.5212719624645133e-06, 'min_exec': 1.3292499999906227e-05, 'max_exec': 2.2970000000199776e-05, 'repeat': 40, 'number': 40, 'total': 0.023694700000064017}, 100: {'average': 2.2913750000164156e-05, 'deviation': 1.3765156418249135e-06, 'min_exec': 2.143125000042545e-05, 'max_exec': 2.533750000033308e-05, 'repeat': 10, 'number': 16, 'total': 0.003666200000026265}, 1000: {'average': 0.00013544500000008952, 'deviation': 2.6806226608784187e-05, 'min_exec': 0.00011157999999937829, 'max_exec': 0.00019043000000067422, 'repeat': 10, 'number': 10, 'total': 0.013544500000008952}, 10000: {'average': 0.0013437694444442783, 'deviation': 0.00015867812470754587, 'min_exec': 0.0010754666666675423, 'max_exec': 0.0015547666666672437, 'repeat': 6, 'number': 6, 'total': 0.048375699999994026}, 100000: {'average': 0.014958575000001417, 'deviation': 0.00039882499999777235, 'min_exec': 0.014559750000003646, 'max_exec': 0.015357399999999188, 'repeat': 2, 'number': 2, 'total': 0.05983430000000567}}",7.205094524973178e-08,OK-/1,0.01089417484607856,0.00714821689509472,0.01439386486888522,0.017096298220406408,0.006534774908482318,0.029193369534045943,0.025657283303845296,0.02205669516263519,0.02982614901342879,0.11238514221046463,0.0888156585550572,0.16509744763545434,0.24351688157922363,0.1489834273023995,0.31112756476968073,0.34952024010781,0.33994398766292017,0.35911100302698673,ensemble,<class 'sklearn.ensemble._forest.RandomForestRegressor'>,sklearn,,,,
default,RandomForestRegressor,0.22.2.post1,b-reg,predict,0,True,{},float32,{},"[('X', array([[ 4.1083810e-01,  2.6304731e-01,  1.3721450e-01, -1.7567504e-03,
         5.1964874e+00,  3.2427704e+00,  8.4761304e-01, -2.4602504e-02,
         5.2069993e+00,  3.2651100e+00,  1.0321470e+00,  1.6901278e-01,
         5.1887398e+00,  3.2468615e+00,  9.0747643e-01,  9.0821601e-02,
         5.2152643e+00,  3.2097692e+00,  8.9097136e-01,  3.4887988e-02,
         5.1805882e+00,  3.2566366e+00,  9.8206997e-01,  3.9286662e-02,
         5.1143999e+00,  3.2421827e+00,  9.1437185e-01,  8.2414784e-02,
         5.1235404e+00,  3.1717598e+00,  8.0250973e-01,  1.5948552e-01,
         5.1670718e+00,  3.2486389e+00,  8.9558423e-01,  3.3958059e-02,
         5.1506152e+00,  3.2189939e+00,  5.8342332e-01, -6.4902149e-02,
         5.1644597e+00,  3.2736051e+00,  8.6621600e-01, -5.1090112e-03,
         5.1118765e+00,  3.2684355e+00,  9.2872828e-01,  9.5820501e-02,
         5.1956811e+00,  3.1972427e+00]], dtype=float32))]",50,0.02465689999999654,11,1398,10,12,,,50,10,12,50,1,,1398,704,0.3,0.000958199999999465,True,"{1: {'average': 0.0008404606250000116, 'deviation': 7.586703157927598e-05, 'min_exec': 0.0007962883333334503, 'max_exec': 0.0012238483333334217, 'repeat': 40, 'number': 60, 'total': 2.017105500000028}, 10: {'average': 0.0008662218750000239, 'deviation': 0.00020400129161109428, 'min_exec': 0.0007868224999999285, 'max_exec': 0.002034117500000221, 'repeat': 40, 'number': 40, 'total': 1.3859550000000382}, 100: {'average': 0.0008930699999999625, 'deviation': 2.983851875610683e-05, 'min_exec': 0.0008495062499997985, 'max_exec': 0.0009716437499998065, 'repeat': 10, 'number': 16, 'total': 0.142891199999994}, 1000: {'average': 0.0012051860000002535, 'deviation': 3.0808959800700364e-05, 'min_exec': 0.0011534400000002166, 'max_exec': 0.0012563100000008375, 'repeat': 10, 'number': 10, 'total': 0.12051860000002534}, 10000: {'average': 0.00551817777777804, 'deviation': 0.0007803514704125174, 'min_exec': 0.004997200000000627, 'max_exec': 0.007218699999998061, 'repeat': 6, 'number': 6, 'total': 0.19865440000000945}, 100000: {'average': 0.04279744999999835, 'deviation': 3.239999999764308e-05, 'min_exec': 0.04276504999999986, 'max_exec': 0.04282984999999684, 'repeat': 2, 'number': 2, 'total': 0.1711897999999934}}",11,0.10008049999999002,,51930,1,0,,6,ai.onnx,0,skl2onnx,1.6.995,,1,,,51934,1,0,,1,0.0076798000000053435,onnxruntime1,0.00013839999999731845,"{1: {'average': 1.5826041666671863e-05, 'deviation': 1.6163842832081854e-06, 'min_exec': 1.4998333333456533e-05, 'max_exec': 2.3583333333239884e-05, 'repeat': 40, 'number': 60, 'total': 0.037982500000012465}, 10: {'average': 3.1004562500012155e-05, 'deviation': 3.271015987431804e-06, 'min_exec': 2.8342499999922664e-05, 'max_exec': 4.014999999988333e-05, 'repeat': 40, 'number': 40, 'total': 0.04960730000001945}, 100: {'average': 0.00016062999999988392, 'deviation': 9.017040205316175e-06, 'min_exec': 0.00015353124999961665, 'max_exec': 0.0001792874999999583, 'repeat': 10, 'number': 16, 'total': 0.025700799999981427}, 1000: {'average': 0.0014315940000001605, 'deviation': 2.2323632410539084e-05, 'min_exec': 0.00138733000000002, 'max_exec': 0.0014620199999995976, 'repeat': 10, 'number': 10, 'total': 0.14315940000001603}, 10000: {'average': 0.014366730555555386, 'deviation': 0.0002830764354005926, 'min_exec': 0.014116433333332642, 'max_exec': 0.014918683333332202, 'repeat': 6, 'number': 6, 'total': 0.5172022999999939}, 100000: {'average': 0.15120034999999987, 'deviation': 0.005884200000000453, 'min_exec': 0.1453161499999993, 'max_exec': 0.15708455000000043, 'repeat': 2, 'number': 2, 'total': 0.6048013999999995}}",8.141122207266792e-08,OK-/1,0.018830200006896985,0.012255058837728082,0.02961657523539809,0.035792864847717334,0.013933560868494363,0.05102802728682388,0.17986272072725618,0.15801187420764784,0.21104906526585393,1.1878614587290752,1.1042895463692044,1.2675301706194715,2.603528036630295,1.95553677716714,2.985408495423503,3.532928947869691,3.392870859926197,3.6731992596758554,ensemble,<class 'sklearn.ensemble._forest.RandomForestRegressor'>,sklearn,,,,
default,RandomForestRegressor,0.22.2.post1,m-reg,predict,0,True,{},float32,{},"[('X', array([[5.181278  , 3.2508938 , 0.8796077 , 0.04524896]], dtype=float32))]",4,0.015327599999992003,11,1398,10,13,,,4,10,13,4,1,,1398,704,0.3,0.0009278999999935422,True,"{1: {'average': 0.0008251936666666756, 'deviation': 0.0001199640494083419, 'min_exec': 0.0007647250000000365, 'max_exec': 0.001501908333333309, 'repeat': 40, 'number': 60, 'total': 1.9804648000000213}, 10: {'average': 0.000815413937500047, 'deviation': 3.648297186655308e-05, 'min_exec': 0.0007747150000000147, 'max_exec': 0.0009975650000001225, 'repeat': 40, 'number': 40, 'total': 1.304662300000075}, 100: {'average': 0.0008781837499999944, 'deviation': 2.9504055891715197e-05, 'min_exec': 0.0008522812499993648, 'max_exec': 0.0009353062499997122, 'repeat': 10, 'number': 16, 'total': 0.14050939999999912}, 1000: {'average': 0.0011282780000000513, 'deviation': 4.018872125383861e-05, 'min_exec': 0.0010500699999994368, 'max_exec': 0.0012166500000006409, 'repeat': 10, 'number': 10, 'total': 0.11282780000000514}, 10000: {'average': 0.0033889777777772346, 'deviation': 4.685319435165267e-05, 'min_exec': 0.003357566666667348, 'max_exec': 0.003490766666665479, 'repeat': 6, 'number': 6, 'total': 0.12200319999998044}, 100000: {'average': 0.03868440000000106, 'deviation': 0.0017831999999984745, 'min_exec': 0.03690120000000263, 'max_exec': 0.04046759999999949, 'repeat': 2, 'number': 2, 'total': 0.15473760000000425}}",11,0.05885259999999448,,59745,1,0,,6,ai.onnx,0,skl2onnx,1.6.995,,1,,,59749,1,0,,1,0.00671489999999153,python_compiled,8.989999999187148e-05,"{1: {'average': 1.1066541666681454e-05, 'deviation': 7.110211150425428e-07, 'min_exec': 1.0576666666632187e-05, 'max_exec': 1.4145000000098662e-05, 'repeat': 40, 'number': 60, 'total': 0.02655970000003549}, 10: {'average': 1.747412499997658e-05, 'deviation': 1.114343493697074e-06, 'min_exec': 1.6695000000055415e-05, 'max_exec': 2.2055000000165136e-05, 'repeat': 40, 'number': 40, 'total': 0.02795859999996253}, 100: {'average': 3.055062499992545e-05, 'deviation': 3.659224698096682e-06, 'min_exec': 2.846249999954864e-05, 'max_exec': 4.115625000000733e-05, 'repeat': 10, 'number': 16, 'total': 0.004888099999988071}, 1000: {'average': 0.00016348699999980452, 'deviation': 1.7576071830646526e-05, 'min_exec': 0.00014702999999940402, 'max_exec': 0.00020636999999936733, 'repeat': 10, 'number': 10, 'total': 0.016348699999980454}, 10000: {'average': 0.0016761833333332908, 'deviation': 0.00010587625769940359, 'min_exec': 0.001502783333333942, 'max_exec': 0.0018559000000000954, 'repeat': 6, 'number': 6, 'total': 0.06034259999999847}, 100000: {'average': 0.017441250000000963, 'deviation': 0.00028874999999932893, 'min_exec': 0.01715250000000168, 'max_exec': 0.017730000000000246, 'repeat': 2, 'number': 2, 'total': 0.06976500000000385}}",1.0105158317183634e-07,OK-/1,0.013410841737775497,0.007042151928912012,0.018496845271304047,0.021429760022927707,0.01673575155509001,0.02846853358998434,0.034788419849405824,0.030431209028654944,0.048289517104873544,0.14489957262287936,0.12084823079712866,0.19652975515868276,0.4945985023344317,0.43050237292699406,0.552751496619492,0.4508600366039149,0.42385760460224714,0.48047217976648404,ensemble,<class 'sklearn.ensemble._forest.RandomForestRegressor'>,sklearn,,,,
default,RandomForestRegressor,0.22.2.post1,m-reg,predict,0,True,{},float32,{},"[('X', array([[5.181278  , 3.2508938 , 0.8796077 , 0.04524896]], dtype=float32))]",4,0.015327599999992003,11,1398,10,13,,,4,10,13,4,1,,1398,704,0.3,0.0009278999999935422,True,"{1: {'average': 0.0008251936666666756, 'deviation': 0.0001199640494083419, 'min_exec': 0.0007647250000000365, 'max_exec': 0.001501908333333309, 'repeat': 40, 'number': 60, 'total': 1.9804648000000213}, 10: {'average': 0.000815413937500047, 'deviation': 3.648297186655308e-05, 'min_exec': 0.0007747150000000147, 'max_exec': 0.0009975650000001225, 'repeat': 40, 'number': 40, 'total': 1.304662300000075}, 100: {'average': 0.0008781837499999944, 'deviation': 2.9504055891715197e-05, 'min_exec': 0.0008522812499993648, 'max_exec': 0.0009353062499997122, 'repeat': 10, 'number': 16, 'total': 0.14050939999999912}, 1000: {'average': 0.0011282780000000513, 'deviation': 4.018872125383861e-05, 'min_exec': 0.0010500699999994368, 'max_exec': 0.0012166500000006409, 'repeat': 10, 'number': 10, 'total': 0.11282780000000514}, 10000: {'average': 0.0033889777777772346, 'deviation': 4.685319435165267e-05, 'min_exec': 0.003357566666667348, 'max_exec': 0.003490766666665479, 'repeat': 6, 'number': 6, 'total': 0.12200319999998044}, 100000: {'average': 0.03868440000000106, 'deviation': 0.0017831999999984745, 'min_exec': 0.03690120000000263, 'max_exec': 0.04046759999999949, 'repeat': 2, 'number': 2, 'total': 0.15473760000000425}}",11,0.10123080000001039,,59745,1,0,,6,ai.onnx,0,skl2onnx,1.6.995,,1,,,59749,1,0,,1,0.008341300000012097,onnxruntime1,0.00015489999999829251,"{1: {'average': 1.6237499999996647e-05, 'deviation': 1.8347323828622045e-06, 'min_exec': 1.530166666654509e-05, 'max_exec': 2.4735000000219998e-05, 'repeat': 40, 'number': 60, 'total': 0.038969999999991956}, 10: {'average': 3.4465875000018184e-05, 'deviation': 4.972167364094468e-06, 'min_exec': 3.165500000008592e-05, 'max_exec': 5.7247499999846244e-05, 'repeat': 40, 'number': 40, 'total': 0.0551454000000291}, 100: {'average': 0.00019426375000026753, 'deviation': 1.0699000318352312e-05, 'min_exec': 0.0001849749999998096, 'max_exec': 0.00022031875000028123, 'repeat': 10, 'number': 16, 'total': 0.031082200000042803}, 1000: {'average': 0.0017618900000003633, 'deviation': 1.739221090057283e-05, 'min_exec': 0.0017480599999998958, 'max_exec': 0.0018098700000010125, 'repeat': 10, 'number': 10, 'total': 0.17618900000003634}, 10000: {'average': 0.01751292500000032, 'deviation': 0.00048411323885237304, 'min_exec': 0.01721540000000014, 'max_exec': 0.01859041666666646, 'repeat': 6, 'number': 6, 'total': 0.6304653000000116}, 100000: {'average': 0.1741866000000023, 'deviation': 0.0018452499999988446, 'min_exec': 0.1723413500000035, 'max_exec': 0.1760318500000011, 'repeat': 2, 'number': 2, 'total': 0.6967464000000092}}",1.0145471440894221e-07,OK-/1,0.01967719900903643,0.010188149520806532,0.0323449606070402,0.042267949338327566,0.031732268072839395,0.07389491619478797,0.22121082290610453,0.19776944717290887,0.2585047482863731,1.5615743637652095,1.4367813257707434,1.7235708095669653,5.167612816713928,4.931695998015526,5.536871940987825,4.502760802804167,4.258748974488372,4.770355706589177,ensemble,<class 'sklearn.ensemble._forest.RandomForestRegressor'>,sklearn,,,,
default,RandomForestRegressor,0.22.2.post1,m-reg,predict,0,True,{},float32,{},"[('X', array([[ 4.1083810e-01,  2.6304731e-01,  1.3721450e-01, -1.7567504e-03,
         5.1964874e+00,  3.2427704e+00,  8.4761304e-01, -2.4602504e-02,
         5.2069993e+00,  3.2651100e+00,  1.0321470e+00,  1.6901278e-01,
         5.1887398e+00,  3.2468615e+00,  9.0747643e-01,  9.0821601e-02,
         5.2152643e+00,  3.2097692e+00,  8.9097136e-01,  3.4887988e-02,
         5.1805882e+00,  3.2566366e+00,  9.8206997e-01,  3.9286662e-02,
         5.1143999e+00,  3.2421827e+00,  9.1437185e-01,  8.2414784e-02,
         5.1235404e+00,  3.1717598e+00,  8.0250973e-01,  1.5948552e-01,
         5.1670718e+00,  3.2486389e+00,  8.9558423e-01,  3.3958059e-02,
         5.1506152e+00,  3.2189939e+00,  5.8342332e-01, -6.4902149e-02,
         5.1644597e+00,  3.2736051e+00,  8.6621600e-01, -5.1090112e-03,
         5.1118765e+00,  3.2684355e+00,  9.2872828e-01,  9.5820501e-02,
         5.1956811e+00,  3.1972427e+00]], dtype=float32))]",50,0.024948699999995938,11,1398,10,12,,,50,10,12,50,1,,1398,704,0.3,0.0009711000000010017,True,"{1: {'average': 0.0007990314999999804, 'deviation': 4.5087315553960915e-05, 'min_exec': 0.0007705316666665851, 'max_exec': 0.0009558700000001845, 'repeat': 40, 'number': 60, 'total': 1.9176755999999529}, 10: {'average': 0.0008337296875000089, 'deviation': 0.00011464133592178516, 'min_exec': 0.000786117499999861, 'max_exec': 0.00151886999999995, 'repeat': 40, 'number': 40, 'total': 1.3339675000000142}, 100: {'average': 0.0008755518750002799, 'deviation': 2.4180415798819023e-05, 'min_exec': 0.0008416250000005121, 'max_exec': 0.0009175250000001967, 'repeat': 10, 'number': 16, 'total': 0.1400883000000448}, 1000: {'average': 0.0011952019999999662, 'deviation': 2.3088274859836497e-05, 'min_exec': 0.0011561599999993176, 'max_exec': 0.0012265600000006317, 'repeat': 10, 'number': 10, 'total': 0.11952019999999663}, 10000: {'average': 0.005375452777777745, 'deviation': 0.00026911003246950634, 'min_exec': 0.005185633333333328, 'max_exec': 0.005960616666667325, 'repeat': 6, 'number': 6, 'total': 0.19351629999999886}, 100000: {'average': 0.05446442500000259, 'deviation': 0.00018237499999628414, 'min_exec': 0.054282050000004745, 'max_exec': 0.05464680000000044, 'repeat': 2, 'number': 2, 'total': 0.21785770000001037}}",11,0.059285500000001434,,59747,1,0,,6,ai.onnx,0,skl2onnx,1.6.995,,1,,,59751,1,0,,1,0.006870199999994497,python_compiled,9.190000000103282e-05,"{1: {'average': 1.111533333334691e-05, 'deviation': 1.0329423453736083e-06, 'min_exec': 1.0585000000181329e-05, 'max_exec': 1.604999999997858e-05, 'repeat': 40, 'number': 60, 'total': 0.026676800000032586}, 10: {'average': 1.735093750001582e-05, 'deviation': 1.00611422800121e-06, 'min_exec': 1.6804999999919802e-05, 'max_exec': 2.2309999999947648e-05, 'repeat': 40, 'number': 40, 'total': 0.027761500000025308}, 100: {'average': 3.3548125000049114e-05, 'deviation': 7.3827189744528755e-06, 'min_exec': 2.9368749999925114e-05, 'max_exec': 5.5300000000535476e-05, 'repeat': 10, 'number': 16, 'total': 0.005367700000007858}, 1000: {'average': 0.00019190400000013597, 'deviation': 5.0629559587431906e-05, 'min_exec': 0.00015333000000055107, 'max_exec': 0.000321320000000469, 'repeat': 10, 'number': 10, 'total': 0.019190400000013597}, 10000: {'average': 0.001993111111111211, 'deviation': 0.0002635288935710991, 'min_exec': 0.001758816666667921, 'max_exec': 0.0025590499999997482, 'repeat': 6, 'number': 6, 'total': 0.07175200000000359}, 100000: {'average': 0.018044375000002333, 'deviation': 0.00030197499999934407, 'min_exec': 0.017742400000003045, 'max_exec': 0.01834635000000162, 'repeat': 2, 'number': 2, 'total': 0.07217750000000933}}",9.004983364144731e-08,OK-/1,0.01391100768035701,0.011073681567764745,0.020829773381557254,0.020811226660338435,0.011064146371921465,0.028379981364047478,0.03831654749187578,0.03200866461395473,0.06570622308094677,0.16056198031808966,0.1250081528832443,0.2779200110717017,0.37078013583353975,0.2950729370844281,0.4934884199293723,0.33130571010345694,0.32467408887625443,0.3379818927251277,ensemble,<class 'sklearn.ensemble._forest.RandomForestRegressor'>,sklearn,,,,
default,RandomForestRegressor,0.22.2.post1,m-reg,predict,0,True,{},float32,{},"[('X', array([[ 4.1083810e-01,  2.6304731e-01,  1.3721450e-01, -1.7567504e-03,
         5.1964874e+00,  3.2427704e+00,  8.4761304e-01, -2.4602504e-02,
         5.2069993e+00,  3.2651100e+00,  1.0321470e+00,  1.6901278e-01,
         5.1887398e+00,  3.2468615e+00,  9.0747643e-01,  9.0821601e-02,
         5.2152643e+00,  3.2097692e+00,  8.9097136e-01,  3.4887988e-02,
         5.1805882e+00,  3.2566366e+00,  9.8206997e-01,  3.9286662e-02,
         5.1143999e+00,  3.2421827e+00,  9.1437185e-01,  8.2414784e-02,
         5.1235404e+00,  3.1717598e+00,  8.0250973e-01,  1.5948552e-01,
         5.1670718e+00,  3.2486389e+00,  8.9558423e-01,  3.3958059e-02,
         5.1506152e+00,  3.2189939e+00,  5.8342332e-01, -6.4902149e-02,
         5.1644597e+00,  3.2736051e+00,  8.6621600e-01, -5.1090112e-03,
         5.1118765e+00,  3.2684355e+00,  9.2872828e-01,  9.5820501e-02,
         5.1956811e+00,  3.1972427e+00]], dtype=float32))]",50,0.024948699999995938,11,1398,10,12,,,50,10,12,50,1,,1398,704,0.3,0.0009711000000010017,True,"{1: {'average': 0.0007990314999999804, 'deviation': 4.5087315553960915e-05, 'min_exec': 0.0007705316666665851, 'max_exec': 0.0009558700000001845, 'repeat': 40, 'number': 60, 'total': 1.9176755999999529}, 10: {'average': 0.0008337296875000089, 'deviation': 0.00011464133592178516, 'min_exec': 0.000786117499999861, 'max_exec': 0.00151886999999995, 'repeat': 40, 'number': 40, 'total': 1.3339675000000142}, 100: {'average': 0.0008755518750002799, 'deviation': 2.4180415798819023e-05, 'min_exec': 0.0008416250000005121, 'max_exec': 0.0009175250000001967, 'repeat': 10, 'number': 16, 'total': 0.1400883000000448}, 1000: {'average': 0.0011952019999999662, 'deviation': 2.3088274859836497e-05, 'min_exec': 0.0011561599999993176, 'max_exec': 0.0012265600000006317, 'repeat': 10, 'number': 10, 'total': 0.11952019999999663}, 10000: {'average': 0.005375452777777745, 'deviation': 0.00026911003246950634, 'min_exec': 0.005185633333333328, 'max_exec': 0.005960616666667325, 'repeat': 6, 'number': 6, 'total': 0.19351629999999886}, 100000: {'average': 0.05446442500000259, 'deviation': 0.00018237499999628414, 'min_exec': 0.054282050000004745, 'max_exec': 0.05464680000000044, 'repeat': 2, 'number': 2, 'total': 0.21785770000001037}}",11,0.10553700000001243,,59747,1,0,,6,ai.onnx,0,skl2onnx,1.6.995,,1,,,59751,1,0,,1,0.008110700000003135,onnxruntime1,0.00019230000000902692,"{1: {'average': 1.7131500000010883e-05, 'deviation': 2.0875129340902167e-06, 'min_exec': 1.5423333333330903e-05, 'max_exec': 2.1879999999896425e-05, 'repeat': 40, 'number': 60, 'total': 0.04111560000002612}, 10: {'average': 3.4612062499972394e-05, 'deviation': 3.8880202580875894e-06, 'min_exec': 3.1549999999924697e-05, 'max_exec': 5.2415000000038955e-05, 'repeat': 40, 'number': 40, 'total': 0.05537929999995583}, 100: {'average': 0.00019561312500018246, 'deviation': 1.0285026832918287e-05, 'min_exec': 0.0001865937500005188, 'max_exec': 0.00021837500000021492, 'repeat': 10, 'number': 16, 'total': 0.031298100000029194}, 1000: {'average': 0.0017772250000000155, 'deviation': 2.1057008453331373e-05, 'min_exec': 0.001725609999999733, 'max_exec': 0.001799710000000232, 'repeat': 10, 'number': 10, 'total': 0.17772250000000156}, 10000: {'average': 0.017775175000000195, 'deviation': 0.00018415017315505375, 'min_exec': 0.01758431666666856, 'max_exec': 0.018058783333332922, 'repeat': 6, 'number': 6, 'total': 0.6399063000000069}, 100000: {'average': 0.17591814999999755, 'deviation': 0.0009011999999978521, 'min_exec': 0.17501694999999984, 'max_exec': 0.17681934999999527, 'repeat': 2, 'number': 2, 'total': 0.7036725999999902}}",1.1035112755939434e-07,OK-/1,0.02144033120097431,0.016135388006034215,0.028395977668967197,0.04151472955672102,0.020772021305263608,0.0666757832004099,0.2234169448841851,0.20336639328680833,0.25946829050952863,1.4869662199360993,1.4068696190963708,1.5566271104356613,3.3067307508463673,2.950083464518484,3.482464372721996,3.2299643299270886,3.202693478849602,3.2574184283751224,ensemble,<class 'sklearn.ensemble._forest.RandomForestRegressor'>,sklearn,,,,
