{"commit_hash": "ac402e520a575defee6aeb547e698451bb5e5581", "env_name": "virtualenv-py3.7-Pillow-cython-jinja2-joblib-numpy-onnx-onnxruntime-pandas-pybind11-scikit-learn-scipy-skl2onnxgit+https___github.com_xadupre_sklearn-onnx.git@jenkins", "date": 1570714977000, "params": {"arch": "x86_64", "cpu": "Intel(R) Xeon(R) CPU E3-1220 V2 @ 3.10GHz", "machine": "sd-github-001", "num_cpu": "4", "os": "Linux 4.9.0-8-amd64", "ram": "16405816", "python": "3.7", "cython": "", "jinja2": "", "joblib": "", "numpy": "", "onnx": "", "onnxruntime": "", "pandas": "", "Pillow": "", "pybind11": "", "scipy": "", "skl2onnx": "git+https://github.com/xadupre/sklearn-onnx.git@jenkins", "scikit-learn": ""}, "python": "3.7", "requirements": {"cython": "", "jinja2": "", "joblib": "", "numpy": "", "onnx": "", "onnxruntime": "", "pandas": "", "Pillow": "", "pybind11": "", "scipy": "", "skl2onnx": "git+https://github.com/xadupre/sklearn-onnx.git@jenkins", "scikit-learn": ""}, "env_vars": {}, "result_columns": ["result", "params", "version", "started_at", "duration", "stats_ci_99_a", "stats_ci_99_b", "stats_q_25", "stats_q_75", "stats_number", "stats_repeat", "samples", "profile"], "results": {"linear_model.LinearRegression.bench_LinearRegression_b_reg_64_default_10.LinearRegression_b_reg_64_default_10_benchRegressor.time_predict": [[3.480854969344035e-05, 3.660955069372889e-05, 4.148169710941903e-05, 4.3483359503303554e-05, 6.862401445634174e-05, 7.611457711761505e-05, 1.6789661127735268e-05, 1.6959606759784006e-05, 1.7312933287933365e-05, 1.8284604987782524e-05, 4.032442624541535e-05, 5.176928009113994e-05], [["'skl'", "'pyrt'"], ["1", "100", "10000"], ["4", "20"]], "f2e4164023e9413766246835b1be026c4a9b8a6103dbddf2bd6ef40bdc177edb", 1570715434286, 6.641, [3.3982e-05, 3.3676e-05, 3.9167e-05, 3.9638e-05, 6.3984e-05, 7.2493e-05, 1.659e-05, 1.6726e-05, 1.705e-05, 1.7872e-05, 3.9983e-05, 5.0875e-05], [4.0224e-05, 4.6235e-05, 4.4185e-05, 4.7191e-05, 7.5596e-05, 9.0081e-05, 1.7488e-05, 1.7409e-05, 1.7743e-05, 1.8776e-05, 4.0844e-05, 5.2803e-05], [3.4178e-05, 3.3876e-05, 4.0261e-05, 4.1797e-05, 6.6826e-05, 7.2962e-05, 1.6736e-05, 1.6824e-05, 1.7262e-05, 1.8125e-05, 4.0238e-05, 5.1513e-05], [3.7339e-05, 4.2297e-05, 4.2625e-05, 4.4718e-05, 7.117e-05, 8.2753e-05, 1.6807e-05, 1.7037e-05, 1.7419e-05, 1.8384e-05, 4.0631e-05, 5.1951e-05], [321, 305, 231, 229, 137, 113, 550, 642, 564, 542, 261, 211], [10, 10, 10, 10, 10, 10, 10, 10, 10, 10, 10, 10]], "linear_model.LinearRegression.bench_LinearRegression_b_reg_64_default_11.LinearRegression_b_reg_64_default_11_benchRegressor.time_predict": [null, [["'skl'", "'pyrt'"], ["1", "100", "10000"], ["4", "20"]], "f2e4164023e9413766246835b1be026c4a9b8a6103dbddf2bd6ef40bdc177edb", 1570715414028, 0.65162], "linear_model.LinearRegression.bench_LinearRegression_b_reg_64_default_9.LinearRegression_b_reg_64_default_9_benchRegressor.time_predict": [null, [["'skl'", "'pyrt'"], ["1", "100", "10000"], ["4", "20"]], "f2e4164023e9413766246835b1be026c4a9b8a6103dbddf2bd6ef40bdc177edb", 1570715414679, 0.65042], "linear_model.LinearRegression.bench_LinearRegression_b_reg_default_10.LinearRegression_b_reg_default_10_benchRegressor.time_predict": [null, [["'skl'", "'pyrt'"], ["1", "100", "10000"], ["4", "20"]], "f2e4164023e9413766246835b1be026c4a9b8a6103dbddf2bd6ef40bdc177edb", 1570715415330, 0.69873], "linear_model.LinearRegression.bench_LinearRegression_b_reg_default_11.LinearRegression_b_reg_default_11_benchRegressor.time_predict": [null, [["'skl'", "'pyrt'"], ["1", "100", "10000"], ["4", "20"]], "f2e4164023e9413766246835b1be026c4a9b8a6103dbddf2bd6ef40bdc177edb", 1570715416029, 0.64858], "linear_model.LinearRegression.bench_LinearRegression_b_reg_default_9.LinearRegression_b_reg_default_9_benchRegressor.time_predict": [null, [["'skl'", "'pyrt'"], ["1", "100", "10000"], ["4", "20"]], "f2e4164023e9413766246835b1be026c4a9b8a6103dbddf2bd6ef40bdc177edb", 1570715416677, 0.64877], "linear_model.LinearRegression.bench_LinearRegression_m_reg_64_default_10.LinearRegression_m_reg_64_default_10_benchRegressor.time_predict": [null, [["'skl'", "'pyrt'"], ["1", "100", "10000"], ["4", "20"]], "f2e4164023e9413766246835b1be026c4a9b8a6103dbddf2bd6ef40bdc177edb", 1570715417326, 0.64986], "linear_model.LinearRegression.bench_LinearRegression_m_reg_64_default_11.LinearRegression_m_reg_64_default_11_benchRegressor.time_predict": [null, [["'skl'", "'pyrt'"], ["1", "100", "10000"], ["4", "20"]], "f2e4164023e9413766246835b1be026c4a9b8a6103dbddf2bd6ef40bdc177edb", 1570715417976, 0.64927], "linear_model.LinearRegression.bench_LinearRegression_m_reg_64_default_9.LinearRegression_m_reg_64_default_9_benchRegressor.time_predict": [null, [["'skl'", "'pyrt'"], ["1", "100", "10000"], ["4", "20"]], "f2e4164023e9413766246835b1be026c4a9b8a6103dbddf2bd6ef40bdc177edb", 1570715418626, 0.65126], "linear_model.LinearRegression.bench_LinearRegression_m_reg_default_10.LinearRegression_m_reg_default_10_benchRegressor.time_predict": [null, [["'skl'", "'pyrt'"], ["1", "100", "10000"], ["4", "20"]], "f2e4164023e9413766246835b1be026c4a9b8a6103dbddf2bd6ef40bdc177edb", 1570715419277, 0.71887], "linear_model.LinearRegression.bench_LinearRegression_m_reg_default_11.LinearRegression_m_reg_default_11_benchRegressor.time_predict": [null, [["'skl'", "'pyrt'"], ["1", "100", "10000"], ["4", "20"]], "f2e4164023e9413766246835b1be026c4a9b8a6103dbddf2bd6ef40bdc177edb", 1570715419996, 0.64979], "linear_model.LinearRegression.bench_LinearRegression_m_reg_default_9.LinearRegression_m_reg_default_9_benchRegressor.time_predict": [null, [["'skl'", "'pyrt'"], ["1", "100", "10000"], ["4", "20"]], "f2e4164023e9413766246835b1be026c4a9b8a6103dbddf2bd6ef40bdc177edb", 1570715420646, 0.65378], "linear_model.LogisticRegression.bench_LogisticRegression_b_cl_64_liblinear_solverliblinear_10.LogisticRegression_b_cl_64_liblinear_solverliblinear_10_benchClassifier.time_predict": [null, [["'skl'", "'pyrt'"], ["1", "100", "10000"], ["4", "20"]], "f2e4164023e9413766246835b1be026c4a9b8a6103dbddf2bd6ef40bdc177edb", 1570715421300, 0.65077], "linear_model.LogisticRegression.bench_LogisticRegression_b_cl_64_liblinear_solverliblinear_11.LogisticRegression_b_cl_64_liblinear_solverliblinear_11_benchClassifier.time_predict": [null, [["'skl'", "'pyrt'"], ["1", "100", "10000"], ["4", "20"]], "f2e4164023e9413766246835b1be026c4a9b8a6103dbddf2bd6ef40bdc177edb", 1570715421951, 0.65124], "linear_model.LogisticRegression.bench_LogisticRegression_b_cl_64_liblinear_solverliblinear_9.LogisticRegression_b_cl_64_liblinear_solverliblinear_9_benchClassifier.time_predict": [null, [["'skl'", "'pyrt'"], ["1", "100", "10000"], ["4", "20"]], "f2e4164023e9413766246835b1be026c4a9b8a6103dbddf2bd6ef40bdc177edb", 1570715422602, 0.65138], "linear_model.LogisticRegression.bench_LogisticRegression_b_cl_64_liblinear_solverliblinear_onnx_10.LogisticRegression_b_cl_64_liblinear_solverliblinear_onnx_10_benchClassifier.time_predict": [null, [["'skl'", "'pyrt'"], ["1", "100", "10000"], ["4", "20"]], "f2e4164023e9413766246835b1be026c4a9b8a6103dbddf2bd6ef40bdc177edb", 1570715423254, 0.65212], "linear_model.LogisticRegression.bench_LogisticRegression_b_cl_64_liblinear_solverliblinear_onnx_11.LogisticRegression_b_cl_64_liblinear_solverliblinear_onnx_11_benchClassifier.time_predict": [null, [["'skl'", "'pyrt'"], ["1", "100", "10000"], ["4", "20"]], "f2e4164023e9413766246835b1be026c4a9b8a6103dbddf2bd6ef40bdc177edb", 1570715423906, 0.65157], "linear_model.LogisticRegression.bench_LogisticRegression_b_cl_64_liblinear_solverliblinear_onnx_9.LogisticRegression_b_cl_64_liblinear_solverliblinear_onnx_9_benchClassifier.time_predict": [null, [["'skl'", "'pyrt'"], ["1", "100", "10000"], ["4", "20"]], "f2e4164023e9413766246835b1be026c4a9b8a6103dbddf2bd6ef40bdc177edb", 1570715424558, 0.65203], "linear_model.LogisticRegression.bench_LogisticRegression_b_cl_liblinear_solverliblinear_10.LogisticRegression_b_cl_liblinear_solverliblinear_10_benchClassifier.time_predict": [null, [["'skl'", "'pyrt'"], ["1", "100", "10000"], ["4", "20"]], "f2e4164023e9413766246835b1be026c4a9b8a6103dbddf2bd6ef40bdc177edb", 1570715425210, 0.65567], "linear_model.LogisticRegression.bench_LogisticRegression_b_cl_liblinear_solverliblinear_11.LogisticRegression_b_cl_liblinear_solverliblinear_11_benchClassifier.time_predict": [null, [["'skl'", "'pyrt'"], ["1", "100", "10000"], ["4", "20"]], "f2e4164023e9413766246835b1be026c4a9b8a6103dbddf2bd6ef40bdc177edb", 1570715425866, 0.65107], "linear_model.LogisticRegression.bench_LogisticRegression_b_cl_liblinear_solverliblinear_9.LogisticRegression_b_cl_liblinear_solverliblinear_9_benchClassifier.time_predict": [null, [["'skl'", "'pyrt'"], ["1", "100", "10000"], ["4", "20"]], "f2e4164023e9413766246835b1be026c4a9b8a6103dbddf2bd6ef40bdc177edb", 1570715426517, 0.65157], "linear_model.LogisticRegression.bench_LogisticRegression_b_cl_liblinear_solverliblinear_onnx_10.LogisticRegression_b_cl_liblinear_solverliblinear_onnx_10_benchClassifier.time_predict": [null, [["'skl'", "'pyrt'"], ["1", "100", "10000"], ["4", "20"]], "f2e4164023e9413766246835b1be026c4a9b8a6103dbddf2bd6ef40bdc177edb", 1570715427169, 0.65037], "linear_model.LogisticRegression.bench_LogisticRegression_b_cl_liblinear_solverliblinear_onnx_11.LogisticRegression_b_cl_liblinear_solverliblinear_onnx_11_benchClassifier.time_predict": [null, [["'skl'", "'pyrt'"], ["1", "100", "10000"], ["4", "20"]], "f2e4164023e9413766246835b1be026c4a9b8a6103dbddf2bd6ef40bdc177edb", 1570715427819, 0.65047], "linear_model.LogisticRegression.bench_LogisticRegression_b_cl_liblinear_solverliblinear_onnx_9.LogisticRegression_b_cl_liblinear_solverliblinear_onnx_9_benchClassifier.time_predict": [null, [["'skl'", "'pyrt'"], ["1", "100", "10000"], ["4", "20"]], "f2e4164023e9413766246835b1be026c4a9b8a6103dbddf2bd6ef40bdc177edb", 1570715428470, 0.65068], "linear_model.LogisticRegression.bench_LogisticRegression_m_cl_liblinear_solverliblinear_10.LogisticRegression_m_cl_liblinear_solverliblinear_10_benchClassifier.time_predict": [null, [["'skl'", "'pyrt'"], ["1", "100", "10000"], ["4", "20"]], "f2e4164023e9413766246835b1be026c4a9b8a6103dbddf2bd6ef40bdc177edb", 1570715429121, 0.65122], "linear_model.LogisticRegression.bench_LogisticRegression_m_cl_liblinear_solverliblinear_11.LogisticRegression_m_cl_liblinear_solverliblinear_11_benchClassifier.time_predict": [null, [["'skl'", "'pyrt'"], ["1", "100", "10000"], ["4", "20"]], "f2e4164023e9413766246835b1be026c4a9b8a6103dbddf2bd6ef40bdc177edb", 1570715429772, 0.65134], "linear_model.LogisticRegression.bench_LogisticRegression_m_cl_liblinear_solverliblinear_9.LogisticRegression_m_cl_liblinear_solverliblinear_9_benchClassifier.time_predict": [null, [["'skl'", "'pyrt'"], ["1", "100", "10000"], ["4", "20"]], "f2e4164023e9413766246835b1be026c4a9b8a6103dbddf2bd6ef40bdc177edb", 1570715430424, 0.65091], "linear_model.LogisticRegression.bench_LogisticRegression_m_cl_liblinear_solverliblinear_onnx_10.LogisticRegression_m_cl_liblinear_solverliblinear_onnx_10_benchClassifier.time_predict": [null, [["'skl'", "'pyrt'"], ["1", "100", "10000"], ["4", "20"]], "f2e4164023e9413766246835b1be026c4a9b8a6103dbddf2bd6ef40bdc177edb", 1570715431075, 0.65059], "linear_model.LogisticRegression.bench_LogisticRegression_m_cl_liblinear_solverliblinear_onnx_11.LogisticRegression_m_cl_liblinear_solverliblinear_onnx_11_benchClassifier.time_predict": [null, [["'skl'", "'pyrt'"], ["1", "100", "10000"], ["4", "20"]], "f2e4164023e9413766246835b1be026c4a9b8a6103dbddf2bd6ef40bdc177edb", 1570715431725, 0.65093], "linear_model.LogisticRegression.bench_LogisticRegression_m_cl_liblinear_solverliblinear_onnx_9.LogisticRegression_m_cl_liblinear_solverliblinear_onnx_9_benchClassifier.time_predict": [null, [["'skl'", "'pyrt'"], ["1", "100", "10000"], ["4", "20"]], "f2e4164023e9413766246835b1be026c4a9b8a6103dbddf2bd6ef40bdc177edb", 1570715432376, 0.65126], "linear_model.LinearRegression.bench_LinearRegression_b_reg_64_default_10.LinearRegression_b_reg_64_default_10_benchRegressor.peakmem_predict": [[86450176, 86454272, 86450176, 86454272, 86523904, 88780800, 92692480, 92704768, 92692480, 92717056, 93089792, 94425088], [["'skl'", "'pyrt'"], ["1", "100", "10000"], ["4", "20"]], "38fc90af63d0ae5a7dbe05dd25f73c8f9614a7cafad391b05eb71d38f208f916", 1570715433028, 1.2554], "linear_model.LinearRegression.bench_LinearRegression_b_reg_64_default_10.LinearRegression_b_reg_64_default_10_benchRegressor.track_nbnodes": [[1, 1, 1, 1, 1, 1, 1, 1, 1, 1, 1, 1], [["'skl'", "'pyrt'"], ["1", "100", "10000"], ["4", "20"]], "55993a26d68a28a29003407afd24b260f23ac4aab7226902a5d8f35785265bb4", 1570715437674, 1.1557], "linear_model.LinearRegression.bench_LinearRegression_b_reg_64_default_10.LinearRegression_b_reg_64_default_10_benchRegressor.track_onnxsize": [[315, 446, 315, 446, 315, 446, 315, 446, 315, 446, 315, 446], [["'skl'", "'pyrt'"], ["1", "100", "10000"], ["4", "20"]], "6a9c68cb14746b7b254af791906085e7c3efa7a22f003882d76f058c350f38ca", 1570715438831, 1.2075], "linear_model.LinearRegression.bench_LinearRegression_b_reg_64_default_10.LinearRegression_b_reg_64_default_10_benchRegressor.track_opset": [[0, 0, 0, 0, 0, 0, 0, 0, 0, 0, 0, 0], [["'skl'", "'pyrt'"], ["1", "100", "10000"], ["4", "20"]], "95b44638ca5365368f1c09d852a55c16a646f65099540c795491515a7732bce3", 1570715440041, 1.3347], "linear_model.LinearRegression.bench_LinearRegression_b_reg_64_default_10.LinearRegression_b_reg_64_default_10_benchRegressor.track_score": [[NaN, NaN, 0.944762860128491, 0.9500747220468244, 0.9487043074299951, 0.953428244947804, NaN, NaN, 0.944762860128491, 0.9500747220468244, 0.9487043074299951, 0.953428244947804], [["'skl'", "'pyrt'"], ["1", "100", "10000"], ["4", "20"]], "7dce24c078850adc81610df8d2a63785b16fbe123c3461e497c851dd39570266", 1570715441377, 1.2063], "linear_model.LinearRegression.bench_LinearRegression_b_reg_64_default_11.LinearRegression_b_reg_64_default_11_benchRegressor.peakmem_predict": [null, [["'skl'", "'pyrt'"], ["1", "100", "10000"], ["4", "20"]], "38fc90af63d0ae5a7dbe05dd25f73c8f9614a7cafad391b05eb71d38f208f916", 1570715442585, 0.64905], "linear_model.LinearRegression.bench_LinearRegression_b_reg_64_default_11.LinearRegression_b_reg_64_default_11_benchRegressor.track_nbnodes": [null, [["'skl'", "'pyrt'"], ["1", "100", "10000"], ["4", "20"]], "55993a26d68a28a29003407afd24b260f23ac4aab7226902a5d8f35785265bb4", 1570715443242, 0.65022], "linear_model.LinearRegression.bench_LinearRegression_b_reg_64_default_11.LinearRegression_b_reg_64_default_11_benchRegressor.track_onnxsize": [null, [["'skl'", "'pyrt'"], ["1", "100", "10000"], ["4", "20"]], "6a9c68cb14746b7b254af791906085e7c3efa7a22f003882d76f058c350f38ca", 1570715443896, 0.64913], "linear_model.LinearRegression.bench_LinearRegression_b_reg_64_default_11.LinearRegression_b_reg_64_default_11_benchRegressor.track_opset": [null, [["'skl'", "'pyrt'"], ["1", "100", "10000"], ["4", "20"]], "95b44638ca5365368f1c09d852a55c16a646f65099540c795491515a7732bce3", 1570715444549, 0.64916], "linear_model.LinearRegression.bench_LinearRegression_b_reg_64_default_11.LinearRegression_b_reg_64_default_11_benchRegressor.track_score": [null, [["'skl'", "'pyrt'"], ["1", "100", "10000"], ["4", "20"]], "7dce24c078850adc81610df8d2a63785b16fbe123c3461e497c851dd39570266", 1570715445202, 0.65002], "linear_model.LinearRegression.bench_LinearRegression_b_reg_64_default_9.LinearRegression_b_reg_64_default_9_benchRegressor.peakmem_predict": [null, [["'skl'", "'pyrt'"], ["1", "100", "10000"], ["4", "20"]], "38fc90af63d0ae5a7dbe05dd25f73c8f9614a7cafad391b05eb71d38f208f916", 1570715445856, 0.65024], "linear_model.LinearRegression.bench_LinearRegression_b_reg_64_default_9.LinearRegression_b_reg_64_default_9_benchRegressor.track_nbnodes": [null, [["'skl'", "'pyrt'"], ["1", "100", "10000"], ["4", "20"]], "55993a26d68a28a29003407afd24b260f23ac4aab7226902a5d8f35785265bb4", 1570715446515, 0.64972], "linear_model.LinearRegression.bench_LinearRegression_b_reg_64_default_9.LinearRegression_b_reg_64_default_9_benchRegressor.track_onnxsize": [null, [["'skl'", "'pyrt'"], ["1", "100", "10000"], ["4", "20"]], "6a9c68cb14746b7b254af791906085e7c3efa7a22f003882d76f058c350f38ca", 1570715447168, 0.64974], "linear_model.LinearRegression.bench_LinearRegression_b_reg_64_default_9.LinearRegression_b_reg_64_default_9_benchRegressor.track_opset": [null, [["'skl'", "'pyrt'"], ["1", "100", "10000"], ["4", "20"]], "95b44638ca5365368f1c09d852a55c16a646f65099540c795491515a7732bce3", 1570715447822, 0.64916], "linear_model.LinearRegression.bench_LinearRegression_b_reg_64_default_9.LinearRegression_b_reg_64_default_9_benchRegressor.track_score": [null, [["'skl'", "'pyrt'"], ["1", "100", "10000"], ["4", "20"]], "7dce24c078850adc81610df8d2a63785b16fbe123c3461e497c851dd39570266", 1570715448475, 0.6495], "linear_model.LinearRegression.bench_LinearRegression_b_reg_default_10.LinearRegression_b_reg_default_10_benchRegressor.peakmem_predict": [null, [["'skl'", "'pyrt'"], ["1", "100", "10000"], ["4", "20"]], "38fc90af63d0ae5a7dbe05dd25f73c8f9614a7cafad391b05eb71d38f208f916", 1570715449129, 0.65125], "linear_model.LinearRegression.bench_LinearRegression_b_reg_default_10.LinearRegression_b_reg_default_10_benchRegressor.track_nbnodes": [null, [["'skl'", "'pyrt'"], ["1", "100", "10000"], ["4", "20"]], "55993a26d68a28a29003407afd24b260f23ac4aab7226902a5d8f35785265bb4", 1570715449788, 0.6491], "linear_model.LinearRegression.bench_LinearRegression_b_reg_default_10.LinearRegression_b_reg_default_10_benchRegressor.track_onnxsize": [null, [["'skl'", "'pyrt'"], ["1", "100", "10000"], ["4", "20"]], "6a9c68cb14746b7b254af791906085e7c3efa7a22f003882d76f058c350f38ca", 1570715450441, 0.64896], "linear_model.LinearRegression.bench_LinearRegression_b_reg_default_10.LinearRegression_b_reg_default_10_benchRegressor.track_opset": [null, [["'skl'", "'pyrt'"], ["1", "100", "10000"], ["4", "20"]], "95b44638ca5365368f1c09d852a55c16a646f65099540c795491515a7732bce3", 1570715451094, 0.64931], "linear_model.LinearRegression.bench_LinearRegression_b_reg_default_10.LinearRegression_b_reg_default_10_benchRegressor.track_score": [null, [["'skl'", "'pyrt'"], ["1", "100", "10000"], ["4", "20"]], "7dce24c078850adc81610df8d2a63785b16fbe123c3461e497c851dd39570266", 1570715451747, 0.64872], "linear_model.LinearRegression.bench_LinearRegression_b_reg_default_11.LinearRegression_b_reg_default_11_benchRegressor.peakmem_predict": [null, [["'skl'", "'pyrt'"], ["1", "100", "10000"], ["4", "20"]], "38fc90af63d0ae5a7dbe05dd25f73c8f9614a7cafad391b05eb71d38f208f916", 1570715452400, 0.64916], "linear_model.LinearRegression.bench_LinearRegression_b_reg_default_11.LinearRegression_b_reg_default_11_benchRegressor.track_nbnodes": [null, [["'skl'", "'pyrt'"], ["1", "100", "10000"], ["4", "20"]], "55993a26d68a28a29003407afd24b260f23ac4aab7226902a5d8f35785265bb4", 1570715453057, 0.64856], "linear_model.LinearRegression.bench_LinearRegression_b_reg_default_11.LinearRegression_b_reg_default_11_benchRegressor.track_onnxsize": [null, [["'skl'", "'pyrt'"], ["1", "100", "10000"], ["4", "20"]], "6a9c68cb14746b7b254af791906085e7c3efa7a22f003882d76f058c350f38ca", 1570715453709, 0.64946], "linear_model.LinearRegression.bench_LinearRegression_b_reg_default_11.LinearRegression_b_reg_default_11_benchRegressor.track_opset": [null, [["'skl'", "'pyrt'"], ["1", "100", "10000"], ["4", "20"]], "95b44638ca5365368f1c09d852a55c16a646f65099540c795491515a7732bce3", 1570715454363, 0.6489], "linear_model.LinearRegression.bench_LinearRegression_b_reg_default_11.LinearRegression_b_reg_default_11_benchRegressor.track_score": [null, [["'skl'", "'pyrt'"], ["1", "100", "10000"], ["4", "20"]], "7dce24c078850adc81610df8d2a63785b16fbe123c3461e497c851dd39570266", 1570715455016, 0.64901], "linear_model.LinearRegression.bench_LinearRegression_b_reg_default_9.LinearRegression_b_reg_default_9_benchRegressor.peakmem_predict": [null, [["'skl'", "'pyrt'"], ["1", "100", "10000"], ["4", "20"]], "38fc90af63d0ae5a7dbe05dd25f73c8f9614a7cafad391b05eb71d38f208f916", 1570715455669, 0.65225], "linear_model.LinearRegression.bench_LinearRegression_b_reg_default_9.LinearRegression_b_reg_default_9_benchRegressor.track_nbnodes": [null, [["'skl'", "'pyrt'"], ["1", "100", "10000"], ["4", "20"]], "55993a26d68a28a29003407afd24b260f23ac4aab7226902a5d8f35785265bb4", 1570715456329, 0.64881], "linear_model.LinearRegression.bench_LinearRegression_b_reg_default_9.LinearRegression_b_reg_default_9_benchRegressor.track_onnxsize": [null, [["'skl'", "'pyrt'"], ["1", "100", "10000"], ["4", "20"]], "6a9c68cb14746b7b254af791906085e7c3efa7a22f003882d76f058c350f38ca", 1570715456982, 0.64896], "linear_model.LinearRegression.bench_LinearRegression_b_reg_default_9.LinearRegression_b_reg_default_9_benchRegressor.track_opset": [null, [["'skl'", "'pyrt'"], ["1", "100", "10000"], ["4", "20"]], "95b44638ca5365368f1c09d852a55c16a646f65099540c795491515a7732bce3", 1570715457635, 0.64852], "linear_model.LinearRegression.bench_LinearRegression_b_reg_default_9.LinearRegression_b_reg_default_9_benchRegressor.track_score": [null, [["'skl'", "'pyrt'"], ["1", "100", "10000"], ["4", "20"]], "7dce24c078850adc81610df8d2a63785b16fbe123c3461e497c851dd39570266", 1570715458288, 0.64965], "linear_model.LinearRegression.bench_LinearRegression_m_reg_64_default_10.LinearRegression_m_reg_64_default_10_benchRegressor.peakmem_predict": [null, [["'skl'", "'pyrt'"], ["1", "100", "10000"], ["4", "20"]], "38fc90af63d0ae5a7dbe05dd25f73c8f9614a7cafad391b05eb71d38f208f916", 1570715458942, 0.64962], "linear_model.LinearRegression.bench_LinearRegression_m_reg_64_default_10.LinearRegression_m_reg_64_default_10_benchRegressor.track_nbnodes": [null, [["'skl'", "'pyrt'"], ["1", "100", "10000"], ["4", "20"]], "55993a26d68a28a29003407afd24b260f23ac4aab7226902a5d8f35785265bb4", 1570715459599, 0.64926], "linear_model.LinearRegression.bench_LinearRegression_m_reg_64_default_10.LinearRegression_m_reg_64_default_10_benchRegressor.track_onnxsize": [null, [["'skl'", "'pyrt'"], ["1", "100", "10000"], ["4", "20"]], "6a9c68cb14746b7b254af791906085e7c3efa7a22f003882d76f058c350f38ca", 1570715460253, 0.64925], "linear_model.LinearRegression.bench_LinearRegression_m_reg_64_default_10.LinearRegression_m_reg_64_default_10_benchRegressor.track_opset": [null, [["'skl'", "'pyrt'"], ["1", "100", "10000"], ["4", "20"]], "95b44638ca5365368f1c09d852a55c16a646f65099540c795491515a7732bce3", 1570715460906, 0.65065], "linear_model.LinearRegression.bench_LinearRegression_m_reg_64_default_10.LinearRegression_m_reg_64_default_10_benchRegressor.track_score": [null, [["'skl'", "'pyrt'"], ["1", "100", "10000"], ["4", "20"]], "7dce24c078850adc81610df8d2a63785b16fbe123c3461e497c851dd39570266", 1570715461561, 0.64965], "linear_model.LinearRegression.bench_LinearRegression_m_reg_64_default_11.LinearRegression_m_reg_64_default_11_benchRegressor.peakmem_predict": [null, [["'skl'", "'pyrt'"], ["1", "100", "10000"], ["4", "20"]], "38fc90af63d0ae5a7dbe05dd25f73c8f9614a7cafad391b05eb71d38f208f916", 1570715462215, 0.64931], "linear_model.LinearRegression.bench_LinearRegression_m_reg_64_default_11.LinearRegression_m_reg_64_default_11_benchRegressor.track_nbnodes": [null, [["'skl'", "'pyrt'"], ["1", "100", "10000"], ["4", "20"]], "55993a26d68a28a29003407afd24b260f23ac4aab7226902a5d8f35785265bb4", 1570715462872, 0.64919], "linear_model.LinearRegression.bench_LinearRegression_m_reg_64_default_11.LinearRegression_m_reg_64_default_11_benchRegressor.track_onnxsize": [null, [["'skl'", "'pyrt'"], ["1", "100", "10000"], ["4", "20"]], "6a9c68cb14746b7b254af791906085e7c3efa7a22f003882d76f058c350f38ca", 1570715463526, 0.66405], "linear_model.LinearRegression.bench_LinearRegression_m_reg_64_default_11.LinearRegression_m_reg_64_default_11_benchRegressor.track_opset": [null, [["'skl'", "'pyrt'"], ["1", "100", "10000"], ["4", "20"]], "95b44638ca5365368f1c09d852a55c16a646f65099540c795491515a7732bce3", 1570715464194, 0.65009], "linear_model.LinearRegression.bench_LinearRegression_m_reg_64_default_11.LinearRegression_m_reg_64_default_11_benchRegressor.track_score": [null, [["'skl'", "'pyrt'"], ["1", "100", "10000"], ["4", "20"]], "7dce24c078850adc81610df8d2a63785b16fbe123c3461e497c851dd39570266", 1570715464848, 0.64981], "linear_model.LinearRegression.bench_LinearRegression_m_reg_64_default_9.LinearRegression_m_reg_64_default_9_benchRegressor.peakmem_predict": [null, [["'skl'", "'pyrt'"], ["1", "100", "10000"], ["4", "20"]], "38fc90af63d0ae5a7dbe05dd25f73c8f9614a7cafad391b05eb71d38f208f916", 1570715465501, 0.67986], "linear_model.LinearRegression.bench_LinearRegression_m_reg_64_default_9.LinearRegression_m_reg_64_default_9_benchRegressor.track_nbnodes": [null, [["'skl'", "'pyrt'"], ["1", "100", "10000"], ["4", "20"]], "55993a26d68a28a29003407afd24b260f23ac4aab7226902a5d8f35785265bb4", 1570715466188, 0.64931], "linear_model.LinearRegression.bench_LinearRegression_m_reg_64_default_9.LinearRegression_m_reg_64_default_9_benchRegressor.track_onnxsize": [null, [["'skl'", "'pyrt'"], ["1", "100", "10000"], ["4", "20"]], "6a9c68cb14746b7b254af791906085e7c3efa7a22f003882d76f058c350f38ca", 1570715466842, 0.649], "linear_model.LinearRegression.bench_LinearRegression_m_reg_64_default_9.LinearRegression_m_reg_64_default_9_benchRegressor.track_opset": [null, [["'skl'", "'pyrt'"], ["1", "100", "10000"], ["4", "20"]], "95b44638ca5365368f1c09d852a55c16a646f65099540c795491515a7732bce3", 1570715467495, 0.6496], "linear_model.LinearRegression.bench_LinearRegression_m_reg_64_default_9.LinearRegression_m_reg_64_default_9_benchRegressor.track_score": [null, [["'skl'", "'pyrt'"], ["1", "100", "10000"], ["4", "20"]], "7dce24c078850adc81610df8d2a63785b16fbe123c3461e497c851dd39570266", 1570715468148, 0.65041], "linear_model.LinearRegression.bench_LinearRegression_m_reg_default_10.LinearRegression_m_reg_default_10_benchRegressor.peakmem_predict": [null, [["'skl'", "'pyrt'"], ["1", "100", "10000"], ["4", "20"]], "38fc90af63d0ae5a7dbe05dd25f73c8f9614a7cafad391b05eb71d38f208f916", 1570715468803, 0.65084], "linear_model.LinearRegression.bench_LinearRegression_m_reg_default_10.LinearRegression_m_reg_default_10_benchRegressor.track_nbnodes": [null, [["'skl'", "'pyrt'"], ["1", "100", "10000"], ["4", "20"]], "55993a26d68a28a29003407afd24b260f23ac4aab7226902a5d8f35785265bb4", 1570715469462, 0.6492], "linear_model.LinearRegression.bench_LinearRegression_m_reg_default_10.LinearRegression_m_reg_default_10_benchRegressor.track_onnxsize": [null, [["'skl'", "'pyrt'"], ["1", "100", "10000"], ["4", "20"]], "6a9c68cb14746b7b254af791906085e7c3efa7a22f003882d76f058c350f38ca", 1570715470115, 0.64933], "linear_model.LinearRegression.bench_LinearRegression_m_reg_default_10.LinearRegression_m_reg_default_10_benchRegressor.track_opset": [null, [["'skl'", "'pyrt'"], ["1", "100", "10000"], ["4", "20"]], "95b44638ca5365368f1c09d852a55c16a646f65099540c795491515a7732bce3", 1570715470769, 0.65293], "linear_model.LinearRegression.bench_LinearRegression_m_reg_default_10.LinearRegression_m_reg_default_10_benchRegressor.track_score": [null, [["'skl'", "'pyrt'"], ["1", "100", "10000"], ["4", "20"]], "7dce24c078850adc81610df8d2a63785b16fbe123c3461e497c851dd39570266", 1570715471426, 0.64958], "linear_model.LinearRegression.bench_LinearRegression_m_reg_default_11.LinearRegression_m_reg_default_11_benchRegressor.peakmem_predict": [null, [["'skl'", "'pyrt'"], ["1", "100", "10000"], ["4", "20"]], "38fc90af63d0ae5a7dbe05dd25f73c8f9614a7cafad391b05eb71d38f208f916", 1570715472079, 0.65076], "linear_model.LinearRegression.bench_LinearRegression_m_reg_default_11.LinearRegression_m_reg_default_11_benchRegressor.track_nbnodes": [null, [["'skl'", "'pyrt'"], ["1", "100", "10000"], ["4", "20"]], "55993a26d68a28a29003407afd24b260f23ac4aab7226902a5d8f35785265bb4", 1570715472738, 0.64981], "linear_model.LinearRegression.bench_LinearRegression_m_reg_default_11.LinearRegression_m_reg_default_11_benchRegressor.track_onnxsize": [null, [["'skl'", "'pyrt'"], ["1", "100", "10000"], ["4", "20"]], "6a9c68cb14746b7b254af791906085e7c3efa7a22f003882d76f058c350f38ca", 1570715473391, 0.64933], "linear_model.LinearRegression.bench_LinearRegression_m_reg_default_11.LinearRegression_m_reg_default_11_benchRegressor.track_opset": [null, [["'skl'", "'pyrt'"], ["1", "100", "10000"], ["4", "20"]], "95b44638ca5365368f1c09d852a55c16a646f65099540c795491515a7732bce3", 1570715474045, 0.64899], "linear_model.LinearRegression.bench_LinearRegression_m_reg_default_11.LinearRegression_m_reg_default_11_benchRegressor.track_score": [null, [["'skl'", "'pyrt'"], ["1", "100", "10000"], ["4", "20"]], "7dce24c078850adc81610df8d2a63785b16fbe123c3461e497c851dd39570266", 1570715474698, 0.64882], "linear_model.LinearRegression.bench_LinearRegression_m_reg_default_9.LinearRegression_m_reg_default_9_benchRegressor.peakmem_predict": [null, [["'skl'", "'pyrt'"], ["1", "100", "10000"], ["4", "20"]], "38fc90af63d0ae5a7dbe05dd25f73c8f9614a7cafad391b05eb71d38f208f916", 1570715475350, 0.65216], "linear_model.LinearRegression.bench_LinearRegression_m_reg_default_9.LinearRegression_m_reg_default_9_benchRegressor.track_nbnodes": [null, [["'skl'", "'pyrt'"], ["1", "100", "10000"], ["4", "20"]], "55993a26d68a28a29003407afd24b260f23ac4aab7226902a5d8f35785265bb4", 1570715476011, 0.65012], "linear_model.LinearRegression.bench_LinearRegression_m_reg_default_9.LinearRegression_m_reg_default_9_benchRegressor.track_onnxsize": [null, [["'skl'", "'pyrt'"], ["1", "100", "10000"], ["4", "20"]], "6a9c68cb14746b7b254af791906085e7c3efa7a22f003882d76f058c350f38ca", 1570715476664, 0.64905], "linear_model.LinearRegression.bench_LinearRegression_m_reg_default_9.LinearRegression_m_reg_default_9_benchRegressor.track_opset": [null, [["'skl'", "'pyrt'"], ["1", "100", "10000"], ["4", "20"]], "95b44638ca5365368f1c09d852a55c16a646f65099540c795491515a7732bce3", 1570715477317, 0.65004], "linear_model.LinearRegression.bench_LinearRegression_m_reg_default_9.LinearRegression_m_reg_default_9_benchRegressor.track_score": [null, [["'skl'", "'pyrt'"], ["1", "100", "10000"], ["4", "20"]], "7dce24c078850adc81610df8d2a63785b16fbe123c3461e497c851dd39570266", 1570715477971, 0.64982], "linear_model.LogisticRegression.bench_LogisticRegression_b_cl_64_liblinear_solverliblinear_10.LogisticRegression_b_cl_64_liblinear_solverliblinear_10_benchClassifier.peakmem_predict": [null, [["'skl'", "'pyrt'"], ["1", "100", "10000"], ["4", "20"]], "38fc90af63d0ae5a7dbe05dd25f73c8f9614a7cafad391b05eb71d38f208f916", 1570715478625, 0.65034], "linear_model.LogisticRegression.bench_LogisticRegression_b_cl_64_liblinear_solverliblinear_10.LogisticRegression_b_cl_64_liblinear_solverliblinear_10_benchClassifier.track_nbnodes": [null, [["'skl'", "'pyrt'"], ["1", "100", "10000"], ["4", "20"]], "55993a26d68a28a29003407afd24b260f23ac4aab7226902a5d8f35785265bb4", 1570715479284, 0.64942], "linear_model.LogisticRegression.bench_LogisticRegression_b_cl_64_liblinear_solverliblinear_10.LogisticRegression_b_cl_64_liblinear_solverliblinear_10_benchClassifier.track_onnxsize": [null, [["'skl'", "'pyrt'"], ["1", "100", "10000"], ["4", "20"]], "6a9c68cb14746b7b254af791906085e7c3efa7a22f003882d76f058c350f38ca", 1570715479937, 0.64984], "linear_model.LogisticRegression.bench_LogisticRegression_b_cl_64_liblinear_solverliblinear_10.LogisticRegression_b_cl_64_liblinear_solverliblinear_10_benchClassifier.track_opset": [null, [["'skl'", "'pyrt'"], ["1", "100", "10000"], ["4", "20"]], "95b44638ca5365368f1c09d852a55c16a646f65099540c795491515a7732bce3", 1570715480591, 0.64998], "linear_model.LogisticRegression.bench_LogisticRegression_b_cl_64_liblinear_solverliblinear_10.LogisticRegression_b_cl_64_liblinear_solverliblinear_10_benchClassifier.track_score": [null, [["'skl'", "'pyrt'"], ["1", "100", "10000"], ["4", "20"]], "7dce24c078850adc81610df8d2a63785b16fbe123c3461e497c851dd39570266", 1570715481245, 0.6496], "linear_model.LogisticRegression.bench_LogisticRegression_b_cl_64_liblinear_solverliblinear_11.LogisticRegression_b_cl_64_liblinear_solverliblinear_11_benchClassifier.peakmem_predict": [null, [["'skl'", "'pyrt'"], ["1", "100", "10000"], ["4", "20"]], "38fc90af63d0ae5a7dbe05dd25f73c8f9614a7cafad391b05eb71d38f208f916", 1570715481898, 0.6491], "linear_model.LogisticRegression.bench_LogisticRegression_b_cl_64_liblinear_solverliblinear_11.LogisticRegression_b_cl_64_liblinear_solverliblinear_11_benchClassifier.track_nbnodes": [null, [["'skl'", "'pyrt'"], ["1", "100", "10000"], ["4", "20"]], "55993a26d68a28a29003407afd24b260f23ac4aab7226902a5d8f35785265bb4", 1570715482555, 0.64924], "linear_model.LogisticRegression.bench_LogisticRegression_b_cl_64_liblinear_solverliblinear_11.LogisticRegression_b_cl_64_liblinear_solverliblinear_11_benchClassifier.track_onnxsize": [null, [["'skl'", "'pyrt'"], ["1", "100", "10000"], ["4", "20"]], "6a9c68cb14746b7b254af791906085e7c3efa7a22f003882d76f058c350f38ca", 1570715483208, 0.6494], "linear_model.LogisticRegression.bench_LogisticRegression_b_cl_64_liblinear_solverliblinear_11.LogisticRegression_b_cl_64_liblinear_solverliblinear_11_benchClassifier.track_opset": [null, [["'skl'", "'pyrt'"], ["1", "100", "10000"], ["4", "20"]], "95b44638ca5365368f1c09d852a55c16a646f65099540c795491515a7732bce3", 1570715483861, 0.65067], "linear_model.LogisticRegression.bench_LogisticRegression_b_cl_64_liblinear_solverliblinear_11.LogisticRegression_b_cl_64_liblinear_solverliblinear_11_benchClassifier.track_score": [null, [["'skl'", "'pyrt'"], ["1", "100", "10000"], ["4", "20"]], "7dce24c078850adc81610df8d2a63785b16fbe123c3461e497c851dd39570266", 1570715484516, 0.64966], "linear_model.LogisticRegression.bench_LogisticRegression_b_cl_64_liblinear_solverliblinear_9.LogisticRegression_b_cl_64_liblinear_solverliblinear_9_benchClassifier.peakmem_predict": [null, [["'skl'", "'pyrt'"], ["1", "100", "10000"], ["4", "20"]], "38fc90af63d0ae5a7dbe05dd25f73c8f9614a7cafad391b05eb71d38f208f916", 1570715485169, 0.64928], "linear_model.LogisticRegression.bench_LogisticRegression_b_cl_64_liblinear_solverliblinear_9.LogisticRegression_b_cl_64_liblinear_solverliblinear_9_benchClassifier.track_nbnodes": [null, [["'skl'", "'pyrt'"], ["1", "100", "10000"], ["4", "20"]], "55993a26d68a28a29003407afd24b260f23ac4aab7226902a5d8f35785265bb4", 1570715485827, 0.65236], "linear_model.LogisticRegression.bench_LogisticRegression_b_cl_64_liblinear_solverliblinear_9.LogisticRegression_b_cl_64_liblinear_solverliblinear_9_benchClassifier.track_onnxsize": [null, [["'skl'", "'pyrt'"], ["1", "100", "10000"], ["4", "20"]], "6a9c68cb14746b7b254af791906085e7c3efa7a22f003882d76f058c350f38ca", 1570715486483, 0.64949], "linear_model.LogisticRegression.bench_LogisticRegression_b_cl_64_liblinear_solverliblinear_9.LogisticRegression_b_cl_64_liblinear_solverliblinear_9_benchClassifier.track_opset": [null, [["'skl'", "'pyrt'"], ["1", "100", "10000"], ["4", "20"]], "95b44638ca5365368f1c09d852a55c16a646f65099540c795491515a7732bce3", 1570715487136, 0.6497], "linear_model.LogisticRegression.bench_LogisticRegression_b_cl_64_liblinear_solverliblinear_9.LogisticRegression_b_cl_64_liblinear_solverliblinear_9_benchClassifier.track_score": [null, [["'skl'", "'pyrt'"], ["1", "100", "10000"], ["4", "20"]], "7dce24c078850adc81610df8d2a63785b16fbe123c3461e497c851dd39570266", 1570715487790, 0.64985], "linear_model.LogisticRegression.bench_LogisticRegression_b_cl_64_liblinear_solverliblinear_onnx_10.LogisticRegression_b_cl_64_liblinear_solverliblinear_onnx_10_benchClassifier.peakmem_predict": [null, [["'skl'", "'pyrt'"], ["1", "100", "10000"], ["4", "20"]], "38fc90af63d0ae5a7dbe05dd25f73c8f9614a7cafad391b05eb71d38f208f916", 1570715488444, 0.65121], "linear_model.LogisticRegression.bench_LogisticRegression_b_cl_64_liblinear_solverliblinear_onnx_10.LogisticRegression_b_cl_64_liblinear_solverliblinear_onnx_10_benchClassifier.track_nbnodes": [null, [["'skl'", "'pyrt'"], ["1", "100", "10000"], ["4", "20"]], "55993a26d68a28a29003407afd24b260f23ac4aab7226902a5d8f35785265bb4", 1570715489104, 0.64926], "linear_model.LogisticRegression.bench_LogisticRegression_b_cl_64_liblinear_solverliblinear_onnx_10.LogisticRegression_b_cl_64_liblinear_solverliblinear_onnx_10_benchClassifier.track_onnxsize": [null, [["'skl'", "'pyrt'"], ["1", "100", "10000"], ["4", "20"]], "6a9c68cb14746b7b254af791906085e7c3efa7a22f003882d76f058c350f38ca", 1570715489757, 0.64989], "linear_model.LogisticRegression.bench_LogisticRegression_b_cl_64_liblinear_solverliblinear_onnx_10.LogisticRegression_b_cl_64_liblinear_solverliblinear_onnx_10_benchClassifier.track_opset": [null, [["'skl'", "'pyrt'"], ["1", "100", "10000"], ["4", "20"]], "95b44638ca5365368f1c09d852a55c16a646f65099540c795491515a7732bce3", 1570715490411, 0.65325], "linear_model.LogisticRegression.bench_LogisticRegression_b_cl_64_liblinear_solverliblinear_onnx_10.LogisticRegression_b_cl_64_liblinear_solverliblinear_onnx_10_benchClassifier.track_score": [null, [["'skl'", "'pyrt'"], ["1", "100", "10000"], ["4", "20"]], "7dce24c078850adc81610df8d2a63785b16fbe123c3461e497c851dd39570266", 1570715491068, 0.64929], "linear_model.LogisticRegression.bench_LogisticRegression_b_cl_64_liblinear_solverliblinear_onnx_11.LogisticRegression_b_cl_64_liblinear_solverliblinear_onnx_11_benchClassifier.peakmem_predict": [null, [["'skl'", "'pyrt'"], ["1", "100", "10000"], ["4", "20"]], "38fc90af63d0ae5a7dbe05dd25f73c8f9614a7cafad391b05eb71d38f208f916", 1570715491722, 0.64942], "linear_model.LogisticRegression.bench_LogisticRegression_b_cl_64_liblinear_solverliblinear_onnx_11.LogisticRegression_b_cl_64_liblinear_solverliblinear_onnx_11_benchClassifier.track_nbnodes": [null, [["'skl'", "'pyrt'"], ["1", "100", "10000"], ["4", "20"]], "55993a26d68a28a29003407afd24b260f23ac4aab7226902a5d8f35785265bb4", 1570715492379, 0.65061], "linear_model.LogisticRegression.bench_LogisticRegression_b_cl_64_liblinear_solverliblinear_onnx_11.LogisticRegression_b_cl_64_liblinear_solverliblinear_onnx_11_benchClassifier.track_onnxsize": [null, [["'skl'", "'pyrt'"], ["1", "100", "10000"], ["4", "20"]], "6a9c68cb14746b7b254af791906085e7c3efa7a22f003882d76f058c350f38ca", 1570715493034, 0.65], "linear_model.LogisticRegression.bench_LogisticRegression_b_cl_64_liblinear_solverliblinear_onnx_11.LogisticRegression_b_cl_64_liblinear_solverliblinear_onnx_11_benchClassifier.track_opset": [null, [["'skl'", "'pyrt'"], ["1", "100", "10000"], ["4", "20"]], "95b44638ca5365368f1c09d852a55c16a646f65099540c795491515a7732bce3", 1570715493688, 0.65071], "linear_model.LogisticRegression.bench_LogisticRegression_b_cl_64_liblinear_solverliblinear_onnx_11.LogisticRegression_b_cl_64_liblinear_solverliblinear_onnx_11_benchClassifier.track_score": [null, [["'skl'", "'pyrt'"], ["1", "100", "10000"], ["4", "20"]], "7dce24c078850adc81610df8d2a63785b16fbe123c3461e497c851dd39570266", 1570715494343, 0.64944], "linear_model.LogisticRegression.bench_LogisticRegression_b_cl_64_liblinear_solverliblinear_onnx_9.LogisticRegression_b_cl_64_liblinear_solverliblinear_onnx_9_benchClassifier.peakmem_predict": [null, [["'skl'", "'pyrt'"], ["1", "100", "10000"], ["4", "20"]], "38fc90af63d0ae5a7dbe05dd25f73c8f9614a7cafad391b05eb71d38f208f916", 1570715494995, 0.64863], "linear_model.LogisticRegression.bench_LogisticRegression_b_cl_64_liblinear_solverliblinear_onnx_9.LogisticRegression_b_cl_64_liblinear_solverliblinear_onnx_9_benchClassifier.track_nbnodes": [null, [["'skl'", "'pyrt'"], ["1", "100", "10000"], ["4", "20"]], "55993a26d68a28a29003407afd24b260f23ac4aab7226902a5d8f35785265bb4", 1570715495653, 0.64958], "linear_model.LogisticRegression.bench_LogisticRegression_b_cl_64_liblinear_solverliblinear_onnx_9.LogisticRegression_b_cl_64_liblinear_solverliblinear_onnx_9_benchClassifier.track_onnxsize": [null, [["'skl'", "'pyrt'"], ["1", "100", "10000"], ["4", "20"]], "6a9c68cb14746b7b254af791906085e7c3efa7a22f003882d76f058c350f38ca", 1570715496306, 0.64904], "linear_model.LogisticRegression.bench_LogisticRegression_b_cl_64_liblinear_solverliblinear_onnx_9.LogisticRegression_b_cl_64_liblinear_solverliblinear_onnx_9_benchClassifier.track_opset": [null, [["'skl'", "'pyrt'"], ["1", "100", "10000"], ["4", "20"]], "95b44638ca5365368f1c09d852a55c16a646f65099540c795491515a7732bce3", 1570715496960, 0.64882], "linear_model.LogisticRegression.bench_LogisticRegression_b_cl_64_liblinear_solverliblinear_onnx_9.LogisticRegression_b_cl_64_liblinear_solverliblinear_onnx_9_benchClassifier.track_score": [null, [["'skl'", "'pyrt'"], ["1", "100", "10000"], ["4", "20"]], "7dce24c078850adc81610df8d2a63785b16fbe123c3461e497c851dd39570266", 1570715497612, 0.64856], "linear_model.LogisticRegression.bench_LogisticRegression_b_cl_liblinear_solverliblinear_10.LogisticRegression_b_cl_liblinear_solverliblinear_10_benchClassifier.peakmem_predict": [null, [["'skl'", "'pyrt'"], ["1", "100", "10000"], ["4", "20"]], "38fc90af63d0ae5a7dbe05dd25f73c8f9614a7cafad391b05eb71d38f208f916", 1570715498264, 0.64942], "linear_model.LogisticRegression.bench_LogisticRegression_b_cl_liblinear_solverliblinear_10.LogisticRegression_b_cl_liblinear_solverliblinear_10_benchClassifier.track_nbnodes": [null, [["'skl'", "'pyrt'"], ["1", "100", "10000"], ["4", "20"]], "55993a26d68a28a29003407afd24b260f23ac4aab7226902a5d8f35785265bb4", 1570715498922, 0.64989], "linear_model.LogisticRegression.bench_LogisticRegression_b_cl_liblinear_solverliblinear_10.LogisticRegression_b_cl_liblinear_solverliblinear_10_benchClassifier.track_onnxsize": [null, [["'skl'", "'pyrt'"], ["1", "100", "10000"], ["4", "20"]], "6a9c68cb14746b7b254af791906085e7c3efa7a22f003882d76f058c350f38ca", 1570715499576, 0.64996], "linear_model.LogisticRegression.bench_LogisticRegression_b_cl_liblinear_solverliblinear_10.LogisticRegression_b_cl_liblinear_solverliblinear_10_benchClassifier.track_opset": [null, [["'skl'", "'pyrt'"], ["1", "100", "10000"], ["4", "20"]], "95b44638ca5365368f1c09d852a55c16a646f65099540c795491515a7732bce3", 1570715500230, 0.64973], "linear_model.LogisticRegression.bench_LogisticRegression_b_cl_liblinear_solverliblinear_10.LogisticRegression_b_cl_liblinear_solverliblinear_10_benchClassifier.track_score": [null, [["'skl'", "'pyrt'"], ["1", "100", "10000"], ["4", "20"]], "7dce24c078850adc81610df8d2a63785b16fbe123c3461e497c851dd39570266", 1570715500883, 0.65291], "linear_model.LogisticRegression.bench_LogisticRegression_b_cl_liblinear_solverliblinear_11.LogisticRegression_b_cl_liblinear_solverliblinear_11_benchClassifier.peakmem_predict": [null, [["'skl'", "'pyrt'"], ["1", "100", "10000"], ["4", "20"]], "38fc90af63d0ae5a7dbe05dd25f73c8f9614a7cafad391b05eb71d38f208f916", 1570715501540, 0.7829], "linear_model.LogisticRegression.bench_LogisticRegression_b_cl_liblinear_solverliblinear_11.LogisticRegression_b_cl_liblinear_solverliblinear_11_benchClassifier.track_nbnodes": [null, [["'skl'", "'pyrt'"], ["1", "100", "10000"], ["4", "20"]], "55993a26d68a28a29003407afd24b260f23ac4aab7226902a5d8f35785265bb4", 1570715502331, 0.64997], "linear_model.LogisticRegression.bench_LogisticRegression_b_cl_liblinear_solverliblinear_11.LogisticRegression_b_cl_liblinear_solverliblinear_11_benchClassifier.track_onnxsize": [null, [["'skl'", "'pyrt'"], ["1", "100", "10000"], ["4", "20"]], "6a9c68cb14746b7b254af791906085e7c3efa7a22f003882d76f058c350f38ca", 1570715502985, 0.65023], "linear_model.LogisticRegression.bench_LogisticRegression_b_cl_liblinear_solverliblinear_11.LogisticRegression_b_cl_liblinear_solverliblinear_11_benchClassifier.track_opset": [null, [["'skl'", "'pyrt'"], ["1", "100", "10000"], ["4", "20"]], "95b44638ca5365368f1c09d852a55c16a646f65099540c795491515a7732bce3", 1570715503639, 0.65098], "linear_model.LogisticRegression.bench_LogisticRegression_b_cl_liblinear_solverliblinear_11.LogisticRegression_b_cl_liblinear_solverliblinear_11_benchClassifier.track_score": [null, [["'skl'", "'pyrt'"], ["1", "100", "10000"], ["4", "20"]], "7dce24c078850adc81610df8d2a63785b16fbe123c3461e497c851dd39570266", 1570715504294, 0.64914], "linear_model.LogisticRegression.bench_LogisticRegression_b_cl_liblinear_solverliblinear_9.LogisticRegression_b_cl_liblinear_solverliblinear_9_benchClassifier.peakmem_predict": [null, [["'skl'", "'pyrt'"], ["1", "100", "10000"], ["4", "20"]], "38fc90af63d0ae5a7dbe05dd25f73c8f9614a7cafad391b05eb71d38f208f916", 1570715504947, 0.6497], "linear_model.LogisticRegression.bench_LogisticRegression_b_cl_liblinear_solverliblinear_9.LogisticRegression_b_cl_liblinear_solverliblinear_9_benchClassifier.track_nbnodes": [null, [["'skl'", "'pyrt'"], ["1", "100", "10000"], ["4", "20"]], "55993a26d68a28a29003407afd24b260f23ac4aab7226902a5d8f35785265bb4", 1570715505605, 0.64866], "linear_model.LogisticRegression.bench_LogisticRegression_b_cl_liblinear_solverliblinear_9.LogisticRegression_b_cl_liblinear_solverliblinear_9_benchClassifier.track_onnxsize": [null, [["'skl'", "'pyrt'"], ["1", "100", "10000"], ["4", "20"]], "6a9c68cb14746b7b254af791906085e7c3efa7a22f003882d76f058c350f38ca", 1570715506258, 0.64976], "linear_model.LogisticRegression.bench_LogisticRegression_b_cl_liblinear_solverliblinear_9.LogisticRegression_b_cl_liblinear_solverliblinear_9_benchClassifier.track_opset": [null, [["'skl'", "'pyrt'"], ["1", "100", "10000"], ["4", "20"]], "95b44638ca5365368f1c09d852a55c16a646f65099540c795491515a7732bce3", 1570715506911, 0.64926], "linear_model.LogisticRegression.bench_LogisticRegression_b_cl_liblinear_solverliblinear_9.LogisticRegression_b_cl_liblinear_solverliblinear_9_benchClassifier.track_score": [null, [["'skl'", "'pyrt'"], ["1", "100", "10000"], ["4", "20"]], "7dce24c078850adc81610df8d2a63785b16fbe123c3461e497c851dd39570266", 1570715507565, 0.6496], "linear_model.LogisticRegression.bench_LogisticRegression_b_cl_liblinear_solverliblinear_onnx_10.LogisticRegression_b_cl_liblinear_solverliblinear_onnx_10_benchClassifier.peakmem_predict": [null, [["'skl'", "'pyrt'"], ["1", "100", "10000"], ["4", "20"]], "38fc90af63d0ae5a7dbe05dd25f73c8f9614a7cafad391b05eb71d38f208f916", 1570715508218, 0.65052], "linear_model.LogisticRegression.bench_LogisticRegression_b_cl_liblinear_solverliblinear_onnx_10.LogisticRegression_b_cl_liblinear_solverliblinear_onnx_10_benchClassifier.track_nbnodes": [null, [["'skl'", "'pyrt'"], ["1", "100", "10000"], ["4", "20"]], "55993a26d68a28a29003407afd24b260f23ac4aab7226902a5d8f35785265bb4", 1570715508877, 0.65096], "linear_model.LogisticRegression.bench_LogisticRegression_b_cl_liblinear_solverliblinear_onnx_10.LogisticRegression_b_cl_liblinear_solverliblinear_onnx_10_benchClassifier.track_onnxsize": [null, [["'skl'", "'pyrt'"], ["1", "100", "10000"], ["4", "20"]], "6a9c68cb14746b7b254af791906085e7c3efa7a22f003882d76f058c350f38ca", 1570715509532, 0.65026], "linear_model.LogisticRegression.bench_LogisticRegression_b_cl_liblinear_solverliblinear_onnx_10.LogisticRegression_b_cl_liblinear_solverliblinear_onnx_10_benchClassifier.track_opset": [null, [["'skl'", "'pyrt'"], ["1", "100", "10000"], ["4", "20"]], "95b44638ca5365368f1c09d852a55c16a646f65099540c795491515a7732bce3", 1570715510186, 0.64998], "linear_model.LogisticRegression.bench_LogisticRegression_b_cl_liblinear_solverliblinear_onnx_10.LogisticRegression_b_cl_liblinear_solverliblinear_onnx_10_benchClassifier.track_score": [null, [["'skl'", "'pyrt'"], ["1", "100", "10000"], ["4", "20"]], "7dce24c078850adc81610df8d2a63785b16fbe123c3461e497c851dd39570266", 1570715510840, 0.65449], "linear_model.LogisticRegression.bench_LogisticRegression_b_cl_liblinear_solverliblinear_onnx_11.LogisticRegression_b_cl_liblinear_solverliblinear_onnx_11_benchClassifier.peakmem_predict": [null, [["'skl'", "'pyrt'"], ["1", "100", "10000"], ["4", "20"]], "38fc90af63d0ae5a7dbe05dd25f73c8f9614a7cafad391b05eb71d38f208f916", 1570715511498, 0.64889], "linear_model.LogisticRegression.bench_LogisticRegression_b_cl_liblinear_solverliblinear_onnx_11.LogisticRegression_b_cl_liblinear_solverliblinear_onnx_11_benchClassifier.track_nbnodes": [null, [["'skl'", "'pyrt'"], ["1", "100", "10000"], ["4", "20"]], "55993a26d68a28a29003407afd24b260f23ac4aab7226902a5d8f35785265bb4", 1570715512155, 0.64994], "linear_model.LogisticRegression.bench_LogisticRegression_b_cl_liblinear_solverliblinear_onnx_11.LogisticRegression_b_cl_liblinear_solverliblinear_onnx_11_benchClassifier.track_onnxsize": [null, [["'skl'", "'pyrt'"], ["1", "100", "10000"], ["4", "20"]], "6a9c68cb14746b7b254af791906085e7c3efa7a22f003882d76f058c350f38ca", 1570715512809, 0.64929], "linear_model.LogisticRegression.bench_LogisticRegression_b_cl_liblinear_solverliblinear_onnx_11.LogisticRegression_b_cl_liblinear_solverliblinear_onnx_11_benchClassifier.track_opset": [null, [["'skl'", "'pyrt'"], ["1", "100", "10000"], ["4", "20"]], "95b44638ca5365368f1c09d852a55c16a646f65099540c795491515a7732bce3", 1570715513462, 0.65082], "linear_model.LogisticRegression.bench_LogisticRegression_b_cl_liblinear_solverliblinear_onnx_11.LogisticRegression_b_cl_liblinear_solverliblinear_onnx_11_benchClassifier.track_score": [null, [["'skl'", "'pyrt'"], ["1", "100", "10000"], ["4", "20"]], "7dce24c078850adc81610df8d2a63785b16fbe123c3461e497c851dd39570266", 1570715514117, 0.65016], "linear_model.LogisticRegression.bench_LogisticRegression_b_cl_liblinear_solverliblinear_onnx_9.LogisticRegression_b_cl_liblinear_solverliblinear_onnx_9_benchClassifier.peakmem_predict": [null, [["'skl'", "'pyrt'"], ["1", "100", "10000"], ["4", "20"]], "38fc90af63d0ae5a7dbe05dd25f73c8f9614a7cafad391b05eb71d38f208f916", 1570715514771, 0.65007], "linear_model.LogisticRegression.bench_LogisticRegression_b_cl_liblinear_solverliblinear_onnx_9.LogisticRegression_b_cl_liblinear_solverliblinear_onnx_9_benchClassifier.track_nbnodes": [null, [["'skl'", "'pyrt'"], ["1", "100", "10000"], ["4", "20"]], "55993a26d68a28a29003407afd24b260f23ac4aab7226902a5d8f35785265bb4", 1570715515428, 0.64857], "linear_model.LogisticRegression.bench_LogisticRegression_b_cl_liblinear_solverliblinear_onnx_9.LogisticRegression_b_cl_liblinear_solverliblinear_onnx_9_benchClassifier.track_onnxsize": [null, [["'skl'", "'pyrt'"], ["1", "100", "10000"], ["4", "20"]], "6a9c68cb14746b7b254af791906085e7c3efa7a22f003882d76f058c350f38ca", 1570715516081, 0.64915], "linear_model.LogisticRegression.bench_LogisticRegression_b_cl_liblinear_solverliblinear_onnx_9.LogisticRegression_b_cl_liblinear_solverliblinear_onnx_9_benchClassifier.track_opset": [null, [["'skl'", "'pyrt'"], ["1", "100", "10000"], ["4", "20"]], "95b44638ca5365368f1c09d852a55c16a646f65099540c795491515a7732bce3", 1570715516734, 0.64915], "linear_model.LogisticRegression.bench_LogisticRegression_b_cl_liblinear_solverliblinear_onnx_9.LogisticRegression_b_cl_liblinear_solverliblinear_onnx_9_benchClassifier.track_score": [null, [["'skl'", "'pyrt'"], ["1", "100", "10000"], ["4", "20"]], "7dce24c078850adc81610df8d2a63785b16fbe123c3461e497c851dd39570266", 1570715517387, 0.64875], "linear_model.LogisticRegression.bench_LogisticRegression_m_cl_liblinear_solverliblinear_10.LogisticRegression_m_cl_liblinear_solverliblinear_10_benchClassifier.peakmem_predict": [null, [["'skl'", "'pyrt'"], ["1", "100", "10000"], ["4", "20"]], "38fc90af63d0ae5a7dbe05dd25f73c8f9614a7cafad391b05eb71d38f208f916", 1570715518039, 0.64879], "linear_model.LogisticRegression.bench_LogisticRegression_m_cl_liblinear_solverliblinear_10.LogisticRegression_m_cl_liblinear_solverliblinear_10_benchClassifier.track_nbnodes": [null, [["'skl'", "'pyrt'"], ["1", "100", "10000"], ["4", "20"]], "55993a26d68a28a29003407afd24b260f23ac4aab7226902a5d8f35785265bb4", 1570715518696, 0.64978], "linear_model.LogisticRegression.bench_LogisticRegression_m_cl_liblinear_solverliblinear_10.LogisticRegression_m_cl_liblinear_solverliblinear_10_benchClassifier.track_onnxsize": [null, [["'skl'", "'pyrt'"], ["1", "100", "10000"], ["4", "20"]], "6a9c68cb14746b7b254af791906085e7c3efa7a22f003882d76f058c350f38ca", 1570715519350, 0.64908], "linear_model.LogisticRegression.bench_LogisticRegression_m_cl_liblinear_solverliblinear_10.LogisticRegression_m_cl_liblinear_solverliblinear_10_benchClassifier.track_opset": [null, [["'skl'", "'pyrt'"], ["1", "100", "10000"], ["4", "20"]], "95b44638ca5365368f1c09d852a55c16a646f65099540c795491515a7732bce3", 1570715520003, 0.64808], "linear_model.LogisticRegression.bench_LogisticRegression_m_cl_liblinear_solverliblinear_10.LogisticRegression_m_cl_liblinear_solverliblinear_10_benchClassifier.track_score": [null, [["'skl'", "'pyrt'"], ["1", "100", "10000"], ["4", "20"]], "7dce24c078850adc81610df8d2a63785b16fbe123c3461e497c851dd39570266", 1570715520655, 0.64982], "linear_model.LogisticRegression.bench_LogisticRegression_m_cl_liblinear_solverliblinear_11.LogisticRegression_m_cl_liblinear_solverliblinear_11_benchClassifier.peakmem_predict": [null, [["'skl'", "'pyrt'"], ["1", "100", "10000"], ["4", "20"]], "38fc90af63d0ae5a7dbe05dd25f73c8f9614a7cafad391b05eb71d38f208f916", 1570715521309, 0.64892], "linear_model.LogisticRegression.bench_LogisticRegression_m_cl_liblinear_solverliblinear_11.LogisticRegression_m_cl_liblinear_solverliblinear_11_benchClassifier.track_nbnodes": [null, [["'skl'", "'pyrt'"], ["1", "100", "10000"], ["4", "20"]], "55993a26d68a28a29003407afd24b260f23ac4aab7226902a5d8f35785265bb4", 1570715521966, 0.64905], "linear_model.LogisticRegression.bench_LogisticRegression_m_cl_liblinear_solverliblinear_11.LogisticRegression_m_cl_liblinear_solverliblinear_11_benchClassifier.track_onnxsize": [null, [["'skl'", "'pyrt'"], ["1", "100", "10000"], ["4", "20"]], "6a9c68cb14746b7b254af791906085e7c3efa7a22f003882d76f058c350f38ca", 1570715522619, 0.64994], "linear_model.LogisticRegression.bench_LogisticRegression_m_cl_liblinear_solverliblinear_11.LogisticRegression_m_cl_liblinear_solverliblinear_11_benchClassifier.track_opset": [null, [["'skl'", "'pyrt'"], ["1", "100", "10000"], ["4", "20"]], "95b44638ca5365368f1c09d852a55c16a646f65099540c795491515a7732bce3", 1570715523273, 0.65128], "linear_model.LogisticRegression.bench_LogisticRegression_m_cl_liblinear_solverliblinear_11.LogisticRegression_m_cl_liblinear_solverliblinear_11_benchClassifier.track_score": [null, [["'skl'", "'pyrt'"], ["1", "100", "10000"], ["4", "20"]], "7dce24c078850adc81610df8d2a63785b16fbe123c3461e497c851dd39570266", 1570715523928, 0.64968], "linear_model.LogisticRegression.bench_LogisticRegression_m_cl_liblinear_solverliblinear_9.LogisticRegression_m_cl_liblinear_solverliblinear_9_benchClassifier.peakmem_predict": [null, [["'skl'", "'pyrt'"], ["1", "100", "10000"], ["4", "20"]], "38fc90af63d0ae5a7dbe05dd25f73c8f9614a7cafad391b05eb71d38f208f916", 1570715524582, 0.6489], "linear_model.LogisticRegression.bench_LogisticRegression_m_cl_liblinear_solverliblinear_9.LogisticRegression_m_cl_liblinear_solverliblinear_9_benchClassifier.track_nbnodes": [null, [["'skl'", "'pyrt'"], ["1", "100", "10000"], ["4", "20"]], "55993a26d68a28a29003407afd24b260f23ac4aab7226902a5d8f35785265bb4", 1570715525239, 0.64905], "linear_model.LogisticRegression.bench_LogisticRegression_m_cl_liblinear_solverliblinear_9.LogisticRegression_m_cl_liblinear_solverliblinear_9_benchClassifier.track_onnxsize": [null, [["'skl'", "'pyrt'"], ["1", "100", "10000"], ["4", "20"]], "6a9c68cb14746b7b254af791906085e7c3efa7a22f003882d76f058c350f38ca", 1570715525892, 0.64953], "linear_model.LogisticRegression.bench_LogisticRegression_m_cl_liblinear_solverliblinear_9.LogisticRegression_m_cl_liblinear_solverliblinear_9_benchClassifier.track_opset": [null, [["'skl'", "'pyrt'"], ["1", "100", "10000"], ["4", "20"]], "95b44638ca5365368f1c09d852a55c16a646f65099540c795491515a7732bce3", 1570715526545, 0.65032], "linear_model.LogisticRegression.bench_LogisticRegression_m_cl_liblinear_solverliblinear_9.LogisticRegression_m_cl_liblinear_solverliblinear_9_benchClassifier.track_score": [null, [["'skl'", "'pyrt'"], ["1", "100", "10000"], ["4", "20"]], "7dce24c078850adc81610df8d2a63785b16fbe123c3461e497c851dd39570266", 1570715527199, 0.64924], "linear_model.LogisticRegression.bench_LogisticRegression_m_cl_liblinear_solverliblinear_onnx_10.LogisticRegression_m_cl_liblinear_solverliblinear_onnx_10_benchClassifier.peakmem_predict": [null, [["'skl'", "'pyrt'"], ["1", "100", "10000"], ["4", "20"]], "38fc90af63d0ae5a7dbe05dd25f73c8f9614a7cafad391b05eb71d38f208f916", 1570715527852, 0.64974], "linear_model.LogisticRegression.bench_LogisticRegression_m_cl_liblinear_solverliblinear_onnx_10.LogisticRegression_m_cl_liblinear_solverliblinear_onnx_10_benchClassifier.track_nbnodes": [null, [["'skl'", "'pyrt'"], ["1", "100", "10000"], ["4", "20"]], "55993a26d68a28a29003407afd24b260f23ac4aab7226902a5d8f35785265bb4", 1570715528510, 0.65134], "linear_model.LogisticRegression.bench_LogisticRegression_m_cl_liblinear_solverliblinear_onnx_10.LogisticRegression_m_cl_liblinear_solverliblinear_onnx_10_benchClassifier.track_onnxsize": [null, [["'skl'", "'pyrt'"], ["1", "100", "10000"], ["4", "20"]], "6a9c68cb14746b7b254af791906085e7c3efa7a22f003882d76f058c350f38ca", 1570715529165, 0.64928], "linear_model.LogisticRegression.bench_LogisticRegression_m_cl_liblinear_solverliblinear_onnx_10.LogisticRegression_m_cl_liblinear_solverliblinear_onnx_10_benchClassifier.track_opset": [null, [["'skl'", "'pyrt'"], ["1", "100", "10000"], ["4", "20"]], "95b44638ca5365368f1c09d852a55c16a646f65099540c795491515a7732bce3", 1570715529819, 0.64948], "linear_model.LogisticRegression.bench_LogisticRegression_m_cl_liblinear_solverliblinear_onnx_10.LogisticRegression_m_cl_liblinear_solverliblinear_onnx_10_benchClassifier.track_score": [null, [["'skl'", "'pyrt'"], ["1", "100", "10000"], ["4", "20"]], "7dce24c078850adc81610df8d2a63785b16fbe123c3461e497c851dd39570266", 1570715530472, 0.64933], "linear_model.LogisticRegression.bench_LogisticRegression_m_cl_liblinear_solverliblinear_onnx_11.LogisticRegression_m_cl_liblinear_solverliblinear_onnx_11_benchClassifier.peakmem_predict": [null, [["'skl'", "'pyrt'"], ["1", "100", "10000"], ["4", "20"]], "38fc90af63d0ae5a7dbe05dd25f73c8f9614a7cafad391b05eb71d38f208f916", 1570715531125, 0.64976], "linear_model.LogisticRegression.bench_LogisticRegression_m_cl_liblinear_solverliblinear_onnx_11.LogisticRegression_m_cl_liblinear_solverliblinear_onnx_11_benchClassifier.track_nbnodes": [null, [["'skl'", "'pyrt'"], ["1", "100", "10000"], ["4", "20"]], "55993a26d68a28a29003407afd24b260f23ac4aab7226902a5d8f35785265bb4", 1570715531782, 0.64936], "linear_model.LogisticRegression.bench_LogisticRegression_m_cl_liblinear_solverliblinear_onnx_11.LogisticRegression_m_cl_liblinear_solverliblinear_onnx_11_benchClassifier.track_onnxsize": [null, [["'skl'", "'pyrt'"], ["1", "100", "10000"], ["4", "20"]], "6a9c68cb14746b7b254af791906085e7c3efa7a22f003882d76f058c350f38ca", 1570715532436, 0.64954], "linear_model.LogisticRegression.bench_LogisticRegression_m_cl_liblinear_solverliblinear_onnx_11.LogisticRegression_m_cl_liblinear_solverliblinear_onnx_11_benchClassifier.track_opset": [null, [["'skl'", "'pyrt'"], ["1", "100", "10000"], ["4", "20"]], "95b44638ca5365368f1c09d852a55c16a646f65099540c795491515a7732bce3", 1570715533089, 0.64976], "linear_model.LogisticRegression.bench_LogisticRegression_m_cl_liblinear_solverliblinear_onnx_11.LogisticRegression_m_cl_liblinear_solverliblinear_onnx_11_benchClassifier.track_score": [null, [["'skl'", "'pyrt'"], ["1", "100", "10000"], ["4", "20"]], "7dce24c078850adc81610df8d2a63785b16fbe123c3461e497c851dd39570266", 1570715533743, 0.65077], "linear_model.LogisticRegression.bench_LogisticRegression_m_cl_liblinear_solverliblinear_onnx_9.LogisticRegression_m_cl_liblinear_solverliblinear_onnx_9_benchClassifier.peakmem_predict": [null, [["'skl'", "'pyrt'"], ["1", "100", "10000"], ["4", "20"]], "38fc90af63d0ae5a7dbe05dd25f73c8f9614a7cafad391b05eb71d38f208f916", 1570715534398, 0.64991], "linear_model.LogisticRegression.bench_LogisticRegression_m_cl_liblinear_solverliblinear_onnx_9.LogisticRegression_m_cl_liblinear_solverliblinear_onnx_9_benchClassifier.track_nbnodes": [null, [["'skl'", "'pyrt'"], ["1", "100", "10000"], ["4", "20"]], "55993a26d68a28a29003407afd24b260f23ac4aab7226902a5d8f35785265bb4", 1570715535056, 0.64883], "linear_model.LogisticRegression.bench_LogisticRegression_m_cl_liblinear_solverliblinear_onnx_9.LogisticRegression_m_cl_liblinear_solverliblinear_onnx_9_benchClassifier.track_onnxsize": [null, [["'skl'", "'pyrt'"], ["1", "100", "10000"], ["4", "20"]], "6a9c68cb14746b7b254af791906085e7c3efa7a22f003882d76f058c350f38ca", 1570715535709, 0.64931], "linear_model.LogisticRegression.bench_LogisticRegression_m_cl_liblinear_solverliblinear_onnx_9.LogisticRegression_m_cl_liblinear_solverliblinear_onnx_9_benchClassifier.track_opset": [null, [["'skl'", "'pyrt'"], ["1", "100", "10000"], ["4", "20"]], "95b44638ca5365368f1c09d852a55c16a646f65099540c795491515a7732bce3", 1570715536362, 0.65009], "linear_model.LogisticRegression.bench_LogisticRegression_m_cl_liblinear_solverliblinear_onnx_9.LogisticRegression_m_cl_liblinear_solverliblinear_onnx_9_benchClassifier.track_score": [null, [["'skl'", "'pyrt'"], ["1", "100", "10000"], ["4", "20"]], "7dce24c078850adc81610df8d2a63785b16fbe123c3461e497c851dd39570266", 1570715537016, 0.64959]}, "durations": {"<setup_cache asv_benchmark.common_asv_skl:111>": 1.080062}, "version": 2}