{"commit_hash": "b4216f0d6076559fabee8f7c1cdea137e0fcf677", "env_name": "virtualenv-py3.7-Pillow-cython-jinja2-joblib-numpy-onnx-onnxruntime-pandas-pybind11-scikit-learn-scipy-skl2onnxgit+https___github.com_xadupre_sklearn-onnx.git@jenkins", "date": 1570720055000, "params": {"arch": "x86_64", "cpu": "Intel(R) Xeon(R) CPU E3-1220 V2 @ 3.10GHz", "machine": "sd-github-001", "num_cpu": "4", "os": "Linux 4.9.0-8-amd64", "ram": "16405816", "python": "3.7", "cython": "", "jinja2": "", "joblib": "", "numpy": "", "onnx": "", "onnxruntime": "", "pandas": "", "Pillow": "", "pybind11": "", "scipy": "", "skl2onnx": "git+https://github.com/xadupre/sklearn-onnx.git@jenkins", "scikit-learn": ""}, "python": "3.7", "requirements": {"cython": "", "jinja2": "", "joblib": "", "numpy": "", "onnx": "", "onnxruntime": "", "pandas": "", "Pillow": "", "pybind11": "", "scipy": "", "skl2onnx": "git+https://github.com/xadupre/sklearn-onnx.git@jenkins", "scikit-learn": ""}, "env_vars": {}, "result_columns": ["result", "params", "version", "started_at", "duration", "stats_ci_99_a", "stats_ci_99_b", "stats_q_25", "stats_q_75", "stats_number", "stats_repeat", "samples", "profile"], "results": {"template.skl_model_classifier.TemplateBenchmarkClassifier.time_predict": [null, [["'skl'", "'pyrt'", "'ort'"], ["1", "100", "10000"], ["4", "20"]], "be02b17b3bf073e82ed87811dd510205dc75223d4bd54005540b4621f8dbe349", 1570720165865], "template.skl_model_clustering.TemplateBenchmarkClustering.time_predict": [null, [["'skl'", "'pyrt'", "'ort'"], ["1", "100", "10000"], ["4", "20"]], "279a7a8eef7f4a4f339c6a6510c6158d87127e3265fd30b45c3d5e430a90593a", 1570720166896], "template.skl_model_multi_classifier.TemplateBenchmarkMultiClassifier.time_predict": [null, [["'skl'", "'pyrt'", "'ort'"], ["1", "100", "10000"], ["4", "20"]], "dae76c0bfeea49bd425ba59c4fc4cd857a433623b1423f5ce7a261c057eee07d", 1570720167990], "template.skl_model_outlier.TemplateBenchmarkOutlier.time_predict": [null, [["'skl'", "'pyrt'", "'ort'"], ["1", "100", "10000"], ["4", "20"]], "60bc9d72f2066b0f75b2291dbc14ed41c6781340480f2430dfd0b0074c538a50", 1570720168976], "template.skl_model_regressor.TemplateBenchmarkRegressor.time_predict": [null, [["'skl'", "'pyrt'", "'ort'"], ["1", "100", "10000"], ["4", "20"]], "a790138dedd28ad731b4658f3900a7a9fc4be4912928681da2bd80f09c21d884", 1570720170048], "template.skl_model_trainable_transform.TemplateBenchmarkTrainableTransform.time_predict": [null, [["'skl'", "'pyrt'", "'ort'"], ["1", "100", "10000"], ["4", "20"]], "da8e2901ed79c6d83e95077f156f6ba8404061011bb865de96992ceb5db54be2", 1570720171083], "template.skl_model_transform.TemplateBenchmarkTransform.time_predict": [null, [["'skl'", "'pyrt'", "'ort'"], ["1", "100", "10000"], ["4", "20"]], "eabfa82b3bbd5af3758af603ba5033a4a830b54ad7f3c1c4dda7e993690b6df6", 1570720172093], "template.skl_model_classifier.TemplateBenchmarkClassifier.peakmem_predict": [null, [["'skl'", "'pyrt'", "'ort'"], ["1", "100", "10000"], ["4", "20"]], "b121318435eb7068562cd541d5e13f47a40b08b379200cf911bdce635fdbc2cb", 1570720172094], "template.skl_model_classifier.TemplateBenchmarkClassifier.track_nbnodes": [null, [["'skl'", "'pyrt'", "'ort'"], ["1", "100", "10000"], ["4", "20"]], "a2c117858e1888ef4083789f199d0ede684de7f81527228a1d10ec5892ce3615", 1570720172097], "template.skl_model_classifier.TemplateBenchmarkClassifier.track_onnxsize": [null, [["'skl'", "'pyrt'", "'ort'"], ["1", "100", "10000"], ["4", "20"]], "a48e3dcb7de4d042afb2ade1da051ef3bf34229a775af437975701be4ee6c391", 1570720172097], "template.skl_model_classifier.TemplateBenchmarkClassifier.track_opset": [null, [["'skl'", "'pyrt'", "'ort'"], ["1", "100", "10000"], ["4", "20"]], "a10e72d803476aa07e5c66995e4686713a43da4b9576f432e8c52eeb82ad630d", 1570720172097], "template.skl_model_classifier.TemplateBenchmarkClassifier.track_score": [null, [["'skl'", "'pyrt'", "'ort'"], ["1", "100", "10000"], ["4", "20"]], "f3a27410693f05b7960f8c257e3934f667013210d48b78d82bafa6220ec76692", 1570720172097], "template.skl_model_clustering.TemplateBenchmarkClustering.peakmem_predict": [null, [["'skl'", "'pyrt'", "'ort'"], ["1", "100", "10000"], ["4", "20"]], "ce6effef0d53e51c79340d6495d5d4e10a144a98a50a897ce4ff61c4e95069da", 1570720172097], "template.skl_model_clustering.TemplateBenchmarkClustering.track_nbnodes": [null, [["'skl'", "'pyrt'", "'ort'"], ["1", "100", "10000"], ["4", "20"]], "d8e9dd528c961622bd7a08bb2b7ecdf18bad026704c47406b315b332306d27e0", 1570720172099], "template.skl_model_clustering.TemplateBenchmarkClustering.track_onnxsize": [null, [["'skl'", "'pyrt'", "'ort'"], ["1", "100", "10000"], ["4", "20"]], "f512fef547550eb5afde5bb0c25ae468a5389e7e56eff1de8d724478c1350cad", 1570720172099], "template.skl_model_clustering.TemplateBenchmarkClustering.track_opset": [null, [["'skl'", "'pyrt'", "'ort'"], ["1", "100", "10000"], ["4", "20"]], "239aeab5d50184319af218aaa1a91f15a1be13def9b67f715a48077fb9bf601c", 1570720172100], "template.skl_model_clustering.TemplateBenchmarkClustering.track_score": [null, [["'skl'", "'pyrt'", "'ort'"], ["1", "100", "10000"], ["4", "20"]], "6b9ee1cfe7d5532a15c7ef031c6b2c175947d6261b3f78ed8a496f837d5bc215", 1570720172100], "template.skl_model_multi_classifier.TemplateBenchmarkMultiClassifier.peakmem_predict": [null, [["'skl'", "'pyrt'", "'ort'"], ["1", "100", "10000"], ["4", "20"]], "522f6e01f872bd826f591c099258d6f36af5042ab9fd58ee09ce1448eb39b88c", 1570720172100], "template.skl_model_multi_classifier.TemplateBenchmarkMultiClassifier.track_nbnodes": [null, [["'skl'", "'pyrt'", "'ort'"], ["1", "100", "10000"], ["4", "20"]], "12f94facea120a5566014b718a768efdc698e4c81ff5e782e999d6886f5be58c", 1570720172102], "template.skl_model_multi_classifier.TemplateBenchmarkMultiClassifier.track_onnxsize": [null, [["'skl'", "'pyrt'", "'ort'"], ["1", "100", "10000"], ["4", "20"]], "d9aaf6738e4db4c22440c3bc1133120d1bc2082ed7033ef904d791741c473b96", 1570720172102], "template.skl_model_multi_classifier.TemplateBenchmarkMultiClassifier.track_opset": [null, [["'skl'", "'pyrt'", "'ort'"], ["1", "100", "10000"], ["4", "20"]], "b52a3fc320356731e96fec242348786f6033595141b97c1eceed4797728211e1", 1570720172102], "template.skl_model_multi_classifier.TemplateBenchmarkMultiClassifier.track_score": [null, [["'skl'", "'pyrt'", "'ort'"], ["1", "100", "10000"], ["4", "20"]], "a3e0bfa0cd97b9d5adcbad7d0ca73303aa5871b10a9b1786d0fc68115f898ae4", 1570720172102], "template.skl_model_outlier.TemplateBenchmarkOutlier.peakmem_predict": [null, [["'skl'", "'pyrt'", "'ort'"], ["1", "100", "10000"], ["4", "20"]], "36b087d209b953a91ea0034f667d6ba4630e8ca975485fbe3f7ec1a71cfbcc00", 1570720172102], "template.skl_model_outlier.TemplateBenchmarkOutlier.track_nbnodes": [null, [["'skl'", "'pyrt'", "'ort'"], ["1", "100", "10000"], ["4", "20"]], "e563b4d11a5b5ac33b97f3fe01ca977fbce9b16b9d0b44a38ec9ff89c33b639b", 1570720172105], "template.skl_model_outlier.TemplateBenchmarkOutlier.track_onnxsize": [null, [["'skl'", "'pyrt'", "'ort'"], ["1", "100", "10000"], ["4", "20"]], "607c5fe79c7afb99779fe64fb0fe98c926aad069975ccf52f274135fd10f81d2", 1570720172105], "template.skl_model_outlier.TemplateBenchmarkOutlier.track_opset": [null, [["'skl'", "'pyrt'", "'ort'"], ["1", "100", "10000"], ["4", "20"]], "f80da5764541e303b2d8d4fbf72bdd8a8aaacfe4fa3b3e3f0c5ce930e42c95f1", 1570720172105], "template.skl_model_outlier.TemplateBenchmarkOutlier.track_score": [null, [["'skl'", "'pyrt'", "'ort'"], ["1", "100", "10000"], ["4", "20"]], "fc4bf79fa700b7a1b646a9235d8125a0010b6c845218b0b90bf7bdb5efd52fb0", 1570720172105], "template.skl_model_regressor.TemplateBenchmarkRegressor.peakmem_predict": [null, [["'skl'", "'pyrt'", "'ort'"], ["1", "100", "10000"], ["4", "20"]], "62b8f77d3119464e760ae6f645aeb1afecaa21f6cc6a3f21196e9e649efc0f98", 1570720172105], "template.skl_model_regressor.TemplateBenchmarkRegressor.track_nbnodes": [null, [["'skl'", "'pyrt'", "'ort'"], ["1", "100", "10000"], ["4", "20"]], "b13d88c6e0e95d68043bea7f97223493728c11ffc40fb8d62f5ebcd6b46206c8", 1570720172107], "template.skl_model_regressor.TemplateBenchmarkRegressor.track_onnxsize": [null, [["'skl'", "'pyrt'", "'ort'"], ["1", "100", "10000"], ["4", "20"]], "b47b3cfc00c99fbb27e433e2c52690dd7a6325e857f84cfc6789ebc12acff12f", 1570720172107], "template.skl_model_regressor.TemplateBenchmarkRegressor.track_opset": [null, [["'skl'", "'pyrt'", "'ort'"], ["1", "100", "10000"], ["4", "20"]], "f508de4250968f2247d1b6e7a0be7363f21790a15d8d3e9d0696522fee21f069", 1570720172107], "template.skl_model_regressor.TemplateBenchmarkRegressor.track_score": [null, [["'skl'", "'pyrt'", "'ort'"], ["1", "100", "10000"], ["4", "20"]], "a7e29a7696ea306de822cce80c8fe88538513cd5102b1f86244d7547e4e8f753", 1570720172107], "template.skl_model_trainable_transform.TemplateBenchmarkTrainableTransform.peakmem_predict": [null, [["'skl'", "'pyrt'", "'ort'"], ["1", "100", "10000"], ["4", "20"]], "c396e2296257ce0f569f949f831a1fb1989087794ff4ba32e585bb1a0906044b", 1570720172107], "template.skl_model_trainable_transform.TemplateBenchmarkTrainableTransform.track_nbnodes": [null, [["'skl'", "'pyrt'", "'ort'"], ["1", "100", "10000"], ["4", "20"]], "328cb14c1a6c1ad5f03db361fb9a75aa1ddb497dc6934183472e2a1e09731a2c", 1570720172109], "template.skl_model_trainable_transform.TemplateBenchmarkTrainableTransform.track_onnxsize": [null, [["'skl'", "'pyrt'", "'ort'"], ["1", "100", "10000"], ["4", "20"]], "6dbe6aff5af1fbca13f54c5b8315fc76d476f9a9eb04b5002c90f29be2356d17", 1570720172109], "template.skl_model_trainable_transform.TemplateBenchmarkTrainableTransform.track_opset": [null, [["'skl'", "'pyrt'", "'ort'"], ["1", "100", "10000"], ["4", "20"]], "8eb06ef716c8338075c4bb7947c41d42ca847e68cfe1336b75acb644eea0321d", 1570720172109], "template.skl_model_trainable_transform.TemplateBenchmarkTrainableTransform.track_score": [null, [["'skl'", "'pyrt'", "'ort'"], ["1", "100", "10000"], ["4", "20"]], "a8c1be56b54af8ca26aab30272621fa54a3f83e4d48ab7643b10c1a066d264fe", 1570720172109], "template.skl_model_transform.TemplateBenchmarkTransform.peakmem_predict": [null, [["'skl'", "'pyrt'", "'ort'"], ["1", "100", "10000"], ["4", "20"]], "12c9507aa581611b74bdaba703ff3613173ac13863edfacf55b40a6f7ac44d41", 1570720172109], "template.skl_model_transform.TemplateBenchmarkTransform.track_nbnodes": [null, [["'skl'", "'pyrt'", "'ort'"], ["1", "100", "10000"], ["4", "20"]], "e8b13606f858c26afc9ac5699b24ff98fb50ae6a38b37188526d000e7c245a57", 1570720172111], "template.skl_model_transform.TemplateBenchmarkTransform.track_onnxsize": [null, [["'skl'", "'pyrt'", "'ort'"], ["1", "100", "10000"], ["4", "20"]], "f8718d1dac1c4c102e764954ab2db8fb0139e315a6d6f70fdc2e87fa207a45f2", 1570720172111], "template.skl_model_transform.TemplateBenchmarkTransform.track_opset": [null, [["'skl'", "'pyrt'", "'ort'"], ["1", "100", "10000"], ["4", "20"]], "90c81623749d706a7633ffb3420de07b286632222ba8e138257f160de7906b48", 1570720172111], "template.skl_model_transform.TemplateBenchmarkTransform.track_score": [null, [["'skl'", "'pyrt'", "'ort'"], ["1", "100", "10000"], ["4", "20"]], "5f95162c24381efc281b014772b078acdc59f72a0a6caf2c68dac7862d1bff46", 1570720172111]}, "durations": {"<setup_cache template.skl_model_classifier:38>": 1.031056, "<setup_cache template.skl_model_clustering:38>": 1.030715, "<setup_cache template.skl_model_multi_classifier:38>": 1.093501, "<setup_cache template.skl_model_outlier:38>": 0.986131, "<setup_cache template.skl_model_regressor:38>": 1.071569, "<setup_cache template.skl_model_trainable_transform:38>": 1.034737, "<setup_cache template.skl_model_transform:38>": 1.009774}, "version": 2}