{
    "template.skl_model_classifier.TemplateBenchmarkClassifier.peakmem_predict": {
        "code": "class _CommonAsvSklBenchmark:\n    def peakmem_predict(self, runtime, N, nf):\n        \"asv API\"\n        return getattr(self, \"rt_fct_\" + runtime)(self.X)\n\n    def setup(self, runtime, N, nf):\n        \"asv API\"\n        logger = getLogger('skl2onnx')\n        logger.disabled = True\n        set_config(assume_finite=True)\n        with open(self._name(nf), \"rb\") as f:\n            stored = pickle.load(f)\n        self.stored = stored\n        self.model = stored['model']\n        self.X, self.y = make_n_rows(stored['X'], N, stored['y'])\n        onx, rt_, rt_fct_, rt_fct_track_ = self._create_onnx_and_runtime(\n            runtime, self.model, self.X)\n        self.onx = onx\n        setattr(self, \"rt_\" + runtime, rt_)\n        setattr(self, \"rt_fct_\" + runtime, rt_fct_)\n        setattr(self, \"rt_fct_track_\" + runtime, rt_fct_track_)\n\nclass TemplateBenchmarkClassifier:\n    def setup_cache(self):\n        super().setup_cache()",
        "name": "template.skl_model_classifier.TemplateBenchmarkClassifier.peakmem_predict",
        "param_names": [
            "rt",
            "N",
            "nf"
        ],
        "params": [
            [
                "'skl'",
                "'pyrt'",
                "'ort'"
            ],
            [
                "1",
                "100",
                "10000"
            ],
            [
                "4",
                "20"
            ]
        ],
        "setup_cache_key": "template.skl_model_classifier:38",
        "timeout": 60.0,
        "type": "peakmemory",
        "unit": "bytes",
        "version": "b121318435eb7068562cd541d5e13f47a40b08b379200cf911bdce635fdbc2cb"
    },
    "template.skl_model_classifier.TemplateBenchmarkClassifier.time_predict": {
        "code": "class _CommonAsvSklBenchmark:\n    def time_predict(self, runtime, N, nf):\n        \"asv API\"\n        return getattr(self, \"rt_fct_\" + runtime)(self.X)\n\n    def setup(self, runtime, N, nf):\n        \"asv API\"\n        logger = getLogger('skl2onnx')\n        logger.disabled = True\n        set_config(assume_finite=True)\n        with open(self._name(nf), \"rb\") as f:\n            stored = pickle.load(f)\n        self.stored = stored\n        self.model = stored['model']\n        self.X, self.y = make_n_rows(stored['X'], N, stored['y'])\n        onx, rt_, rt_fct_, rt_fct_track_ = self._create_onnx_and_runtime(\n            runtime, self.model, self.X)\n        self.onx = onx\n        setattr(self, \"rt_\" + runtime, rt_)\n        setattr(self, \"rt_fct_\" + runtime, rt_fct_)\n        setattr(self, \"rt_fct_track_\" + runtime, rt_fct_track_)\n\nclass TemplateBenchmarkClassifier:\n    def setup_cache(self):\n        super().setup_cache()",
        "min_run_count": 2,
        "name": "template.skl_model_classifier.TemplateBenchmarkClassifier.time_predict",
        "number": 0,
        "param_names": [
            "rt",
            "N",
            "nf"
        ],
        "params": [
            [
                "'skl'",
                "'pyrt'",
                "'ort'"
            ],
            [
                "1",
                "100",
                "10000"
            ],
            [
                "4",
                "20"
            ]
        ],
        "processes": 2,
        "repeat": 0,
        "sample_time": 0.01,
        "setup_cache_key": "template.skl_model_classifier:38",
        "timeout": 60.0,
        "type": "time",
        "unit": "seconds",
        "version": "be02b17b3bf073e82ed87811dd510205dc75223d4bd54005540b4621f8dbe349",
        "warmup_time": -1
    },
    "template.skl_model_classifier.TemplateBenchmarkClassifier.track_nbnodes": {
        "code": "class _CommonAsvSklBenchmark:\n    def track_nbnodes(self, runtime, N, nf):\n        \"asv API\"\n        stats = onnx_statistics(self.onx)\n        return stats.get('nnodes', 0)\n\n    def setup(self, runtime, N, nf):\n        \"asv API\"\n        logger = getLogger('skl2onnx')\n        logger.disabled = True\n        set_config(assume_finite=True)\n        with open(self._name(nf), \"rb\") as f:\n            stored = pickle.load(f)\n        self.stored = stored\n        self.model = stored['model']\n        self.X, self.y = make_n_rows(stored['X'], N, stored['y'])\n        onx, rt_, rt_fct_, rt_fct_track_ = self._create_onnx_and_runtime(\n            runtime, self.model, self.X)\n        self.onx = onx\n        setattr(self, \"rt_\" + runtime, rt_)\n        setattr(self, \"rt_fct_\" + runtime, rt_fct_)\n        setattr(self, \"rt_fct_track_\" + runtime, rt_fct_track_)\n\nclass TemplateBenchmarkClassifier:\n    def setup_cache(self):\n        super().setup_cache()",
        "name": "template.skl_model_classifier.TemplateBenchmarkClassifier.track_nbnodes",
        "param_names": [
            "rt",
            "N",
            "nf"
        ],
        "params": [
            [
                "'skl'",
                "'pyrt'",
                "'ort'"
            ],
            [
                "1",
                "100",
                "10000"
            ],
            [
                "4",
                "20"
            ]
        ],
        "setup_cache_key": "template.skl_model_classifier:38",
        "timeout": 60.0,
        "type": "track",
        "unit": "unit",
        "version": "a2c117858e1888ef4083789f199d0ede684de7f81527228a1d10ec5892ce3615"
    },
    "template.skl_model_classifier.TemplateBenchmarkClassifier.track_onnxsize": {
        "code": "class _CommonAsvSklBenchmark:\n    def track_onnxsize(self, runtime, N, nf):\n        \"asv API\"\n        return len(self.onx.SerializeToString())\n\n    def setup(self, runtime, N, nf):\n        \"asv API\"\n        logger = getLogger('skl2onnx')\n        logger.disabled = True\n        set_config(assume_finite=True)\n        with open(self._name(nf), \"rb\") as f:\n            stored = pickle.load(f)\n        self.stored = stored\n        self.model = stored['model']\n        self.X, self.y = make_n_rows(stored['X'], N, stored['y'])\n        onx, rt_, rt_fct_, rt_fct_track_ = self._create_onnx_and_runtime(\n            runtime, self.model, self.X)\n        self.onx = onx\n        setattr(self, \"rt_\" + runtime, rt_)\n        setattr(self, \"rt_fct_\" + runtime, rt_fct_)\n        setattr(self, \"rt_fct_track_\" + runtime, rt_fct_track_)\n\nclass TemplateBenchmarkClassifier:\n    def setup_cache(self):\n        super().setup_cache()",
        "name": "template.skl_model_classifier.TemplateBenchmarkClassifier.track_onnxsize",
        "param_names": [
            "rt",
            "N",
            "nf"
        ],
        "params": [
            [
                "'skl'",
                "'pyrt'",
                "'ort'"
            ],
            [
                "1",
                "100",
                "10000"
            ],
            [
                "4",
                "20"
            ]
        ],
        "setup_cache_key": "template.skl_model_classifier:38",
        "timeout": 60.0,
        "type": "track",
        "unit": "unit",
        "version": "a48e3dcb7de4d042afb2ade1da051ef3bf34229a775af437975701be4ee6c391"
    },
    "template.skl_model_classifier.TemplateBenchmarkClassifier.track_opset": {
        "code": "class _CommonAsvSklBenchmark:\n    def track_opset(self, runtime, N, nf):\n        \"asv API\"\n        stats = onnx_statistics(self.onx)\n        return stats.get('', 0)\n\n    def setup(self, runtime, N, nf):\n        \"asv API\"\n        logger = getLogger('skl2onnx')\n        logger.disabled = True\n        set_config(assume_finite=True)\n        with open(self._name(nf), \"rb\") as f:\n            stored = pickle.load(f)\n        self.stored = stored\n        self.model = stored['model']\n        self.X, self.y = make_n_rows(stored['X'], N, stored['y'])\n        onx, rt_, rt_fct_, rt_fct_track_ = self._create_onnx_and_runtime(\n            runtime, self.model, self.X)\n        self.onx = onx\n        setattr(self, \"rt_\" + runtime, rt_)\n        setattr(self, \"rt_fct_\" + runtime, rt_fct_)\n        setattr(self, \"rt_fct_track_\" + runtime, rt_fct_track_)\n\nclass TemplateBenchmarkClassifier:\n    def setup_cache(self):\n        super().setup_cache()",
        "name": "template.skl_model_classifier.TemplateBenchmarkClassifier.track_opset",
        "param_names": [
            "rt",
            "N",
            "nf"
        ],
        "params": [
            [
                "'skl'",
                "'pyrt'",
                "'ort'"
            ],
            [
                "1",
                "100",
                "10000"
            ],
            [
                "4",
                "20"
            ]
        ],
        "setup_cache_key": "template.skl_model_classifier:38",
        "timeout": 60.0,
        "type": "track",
        "unit": "unit",
        "version": "a10e72d803476aa07e5c66995e4686713a43da4b9576f432e8c52eeb82ad630d"
    },
    "template.skl_model_classifier.TemplateBenchmarkClassifier.track_score": {
        "code": "class _CommonAsvSklBenchmark:\n    def track_score(self, runtime, N, nf):\n        \"asv API\"\n        yp = getattr(self, \"rt_fct_track_\" + runtime)(self.X)\n        return self._score_metric(self.X, self.y, yp)\n\n    def setup(self, runtime, N, nf):\n        \"asv API\"\n        logger = getLogger('skl2onnx')\n        logger.disabled = True\n        set_config(assume_finite=True)\n        with open(self._name(nf), \"rb\") as f:\n            stored = pickle.load(f)\n        self.stored = stored\n        self.model = stored['model']\n        self.X, self.y = make_n_rows(stored['X'], N, stored['y'])\n        onx, rt_, rt_fct_, rt_fct_track_ = self._create_onnx_and_runtime(\n            runtime, self.model, self.X)\n        self.onx = onx\n        setattr(self, \"rt_\" + runtime, rt_)\n        setattr(self, \"rt_fct_\" + runtime, rt_fct_)\n        setattr(self, \"rt_fct_track_\" + runtime, rt_fct_track_)\n\nclass TemplateBenchmarkClassifier:\n    def setup_cache(self):\n        super().setup_cache()",
        "name": "template.skl_model_classifier.TemplateBenchmarkClassifier.track_score",
        "param_names": [
            "rt",
            "N",
            "nf"
        ],
        "params": [
            [
                "'skl'",
                "'pyrt'",
                "'ort'"
            ],
            [
                "1",
                "100",
                "10000"
            ],
            [
                "4",
                "20"
            ]
        ],
        "setup_cache_key": "template.skl_model_classifier:38",
        "timeout": 60.0,
        "type": "track",
        "unit": "unit",
        "version": "f3a27410693f05b7960f8c257e3934f667013210d48b78d82bafa6220ec76692"
    },
    "template.skl_model_clustering.TemplateBenchmarkClustering.peakmem_predict": {
        "code": "class _CommonAsvSklBenchmark:\n    def peakmem_predict(self, runtime, N, nf):\n        \"asv API\"\n        return getattr(self, \"rt_fct_\" + runtime)(self.X)\n\n    def setup(self, runtime, N, nf):\n        \"asv API\"\n        logger = getLogger('skl2onnx')\n        logger.disabled = True\n        set_config(assume_finite=True)\n        with open(self._name(nf), \"rb\") as f:\n            stored = pickle.load(f)\n        self.stored = stored\n        self.model = stored['model']\n        self.X, self.y = make_n_rows(stored['X'], N, stored['y'])\n        onx, rt_, rt_fct_, rt_fct_track_ = self._create_onnx_and_runtime(\n            runtime, self.model, self.X)\n        self.onx = onx\n        setattr(self, \"rt_\" + runtime, rt_)\n        setattr(self, \"rt_fct_\" + runtime, rt_fct_)\n        setattr(self, \"rt_fct_track_\" + runtime, rt_fct_track_)\n\nclass TemplateBenchmarkClustering:\n    def setup_cache(self):\n        super().setup_cache()",
        "name": "template.skl_model_clustering.TemplateBenchmarkClustering.peakmem_predict",
        "param_names": [
            "rt",
            "N",
            "nf"
        ],
        "params": [
            [
                "'skl'",
                "'pyrt'",
                "'ort'"
            ],
            [
                "1",
                "100",
                "10000"
            ],
            [
                "4",
                "20"
            ]
        ],
        "setup_cache_key": "template.skl_model_clustering:38",
        "timeout": 60.0,
        "type": "peakmemory",
        "unit": "bytes",
        "version": "ce6effef0d53e51c79340d6495d5d4e10a144a98a50a897ce4ff61c4e95069da"
    },
    "template.skl_model_clustering.TemplateBenchmarkClustering.time_predict": {
        "code": "class _CommonAsvSklBenchmark:\n    def time_predict(self, runtime, N, nf):\n        \"asv API\"\n        return getattr(self, \"rt_fct_\" + runtime)(self.X)\n\n    def setup(self, runtime, N, nf):\n        \"asv API\"\n        logger = getLogger('skl2onnx')\n        logger.disabled = True\n        set_config(assume_finite=True)\n        with open(self._name(nf), \"rb\") as f:\n            stored = pickle.load(f)\n        self.stored = stored\n        self.model = stored['model']\n        self.X, self.y = make_n_rows(stored['X'], N, stored['y'])\n        onx, rt_, rt_fct_, rt_fct_track_ = self._create_onnx_and_runtime(\n            runtime, self.model, self.X)\n        self.onx = onx\n        setattr(self, \"rt_\" + runtime, rt_)\n        setattr(self, \"rt_fct_\" + runtime, rt_fct_)\n        setattr(self, \"rt_fct_track_\" + runtime, rt_fct_track_)\n\nclass TemplateBenchmarkClustering:\n    def setup_cache(self):\n        super().setup_cache()",
        "min_run_count": 2,
        "name": "template.skl_model_clustering.TemplateBenchmarkClustering.time_predict",
        "number": 0,
        "param_names": [
            "rt",
            "N",
            "nf"
        ],
        "params": [
            [
                "'skl'",
                "'pyrt'",
                "'ort'"
            ],
            [
                "1",
                "100",
                "10000"
            ],
            [
                "4",
                "20"
            ]
        ],
        "processes": 2,
        "repeat": 0,
        "sample_time": 0.01,
        "setup_cache_key": "template.skl_model_clustering:38",
        "timeout": 60.0,
        "type": "time",
        "unit": "seconds",
        "version": "279a7a8eef7f4a4f339c6a6510c6158d87127e3265fd30b45c3d5e430a90593a",
        "warmup_time": -1
    },
    "template.skl_model_clustering.TemplateBenchmarkClustering.track_nbnodes": {
        "code": "class _CommonAsvSklBenchmark:\n    def track_nbnodes(self, runtime, N, nf):\n        \"asv API\"\n        stats = onnx_statistics(self.onx)\n        return stats.get('nnodes', 0)\n\n    def setup(self, runtime, N, nf):\n        \"asv API\"\n        logger = getLogger('skl2onnx')\n        logger.disabled = True\n        set_config(assume_finite=True)\n        with open(self._name(nf), \"rb\") as f:\n            stored = pickle.load(f)\n        self.stored = stored\n        self.model = stored['model']\n        self.X, self.y = make_n_rows(stored['X'], N, stored['y'])\n        onx, rt_, rt_fct_, rt_fct_track_ = self._create_onnx_and_runtime(\n            runtime, self.model, self.X)\n        self.onx = onx\n        setattr(self, \"rt_\" + runtime, rt_)\n        setattr(self, \"rt_fct_\" + runtime, rt_fct_)\n        setattr(self, \"rt_fct_track_\" + runtime, rt_fct_track_)\n\nclass TemplateBenchmarkClustering:\n    def setup_cache(self):\n        super().setup_cache()",
        "name": "template.skl_model_clustering.TemplateBenchmarkClustering.track_nbnodes",
        "param_names": [
            "rt",
            "N",
            "nf"
        ],
        "params": [
            [
                "'skl'",
                "'pyrt'",
                "'ort'"
            ],
            [
                "1",
                "100",
                "10000"
            ],
            [
                "4",
                "20"
            ]
        ],
        "setup_cache_key": "template.skl_model_clustering:38",
        "timeout": 60.0,
        "type": "track",
        "unit": "unit",
        "version": "d8e9dd528c961622bd7a08bb2b7ecdf18bad026704c47406b315b332306d27e0"
    },
    "template.skl_model_clustering.TemplateBenchmarkClustering.track_onnxsize": {
        "code": "class _CommonAsvSklBenchmark:\n    def track_onnxsize(self, runtime, N, nf):\n        \"asv API\"\n        return len(self.onx.SerializeToString())\n\n    def setup(self, runtime, N, nf):\n        \"asv API\"\n        logger = getLogger('skl2onnx')\n        logger.disabled = True\n        set_config(assume_finite=True)\n        with open(self._name(nf), \"rb\") as f:\n            stored = pickle.load(f)\n        self.stored = stored\n        self.model = stored['model']\n        self.X, self.y = make_n_rows(stored['X'], N, stored['y'])\n        onx, rt_, rt_fct_, rt_fct_track_ = self._create_onnx_and_runtime(\n            runtime, self.model, self.X)\n        self.onx = onx\n        setattr(self, \"rt_\" + runtime, rt_)\n        setattr(self, \"rt_fct_\" + runtime, rt_fct_)\n        setattr(self, \"rt_fct_track_\" + runtime, rt_fct_track_)\n\nclass TemplateBenchmarkClustering:\n    def setup_cache(self):\n        super().setup_cache()",
        "name": "template.skl_model_clustering.TemplateBenchmarkClustering.track_onnxsize",
        "param_names": [
            "rt",
            "N",
            "nf"
        ],
        "params": [
            [
                "'skl'",
                "'pyrt'",
                "'ort'"
            ],
            [
                "1",
                "100",
                "10000"
            ],
            [
                "4",
                "20"
            ]
        ],
        "setup_cache_key": "template.skl_model_clustering:38",
        "timeout": 60.0,
        "type": "track",
        "unit": "unit",
        "version": "f512fef547550eb5afde5bb0c25ae468a5389e7e56eff1de8d724478c1350cad"
    },
    "template.skl_model_clustering.TemplateBenchmarkClustering.track_opset": {
        "code": "class _CommonAsvSklBenchmark:\n    def track_opset(self, runtime, N, nf):\n        \"asv API\"\n        stats = onnx_statistics(self.onx)\n        return stats.get('', 0)\n\n    def setup(self, runtime, N, nf):\n        \"asv API\"\n        logger = getLogger('skl2onnx')\n        logger.disabled = True\n        set_config(assume_finite=True)\n        with open(self._name(nf), \"rb\") as f:\n            stored = pickle.load(f)\n        self.stored = stored\n        self.model = stored['model']\n        self.X, self.y = make_n_rows(stored['X'], N, stored['y'])\n        onx, rt_, rt_fct_, rt_fct_track_ = self._create_onnx_and_runtime(\n            runtime, self.model, self.X)\n        self.onx = onx\n        setattr(self, \"rt_\" + runtime, rt_)\n        setattr(self, \"rt_fct_\" + runtime, rt_fct_)\n        setattr(self, \"rt_fct_track_\" + runtime, rt_fct_track_)\n\nclass TemplateBenchmarkClustering:\n    def setup_cache(self):\n        super().setup_cache()",
        "name": "template.skl_model_clustering.TemplateBenchmarkClustering.track_opset",
        "param_names": [
            "rt",
            "N",
            "nf"
        ],
        "params": [
            [
                "'skl'",
                "'pyrt'",
                "'ort'"
            ],
            [
                "1",
                "100",
                "10000"
            ],
            [
                "4",
                "20"
            ]
        ],
        "setup_cache_key": "template.skl_model_clustering:38",
        "timeout": 60.0,
        "type": "track",
        "unit": "unit",
        "version": "239aeab5d50184319af218aaa1a91f15a1be13def9b67f715a48077fb9bf601c"
    },
    "template.skl_model_clustering.TemplateBenchmarkClustering.track_score": {
        "code": "class _CommonAsvSklBenchmark:\n    def track_score(self, runtime, N, nf):\n        \"asv API\"\n        yp = getattr(self, \"rt_fct_track_\" + runtime)(self.X)\n        return self._score_metric(self.X, self.y, yp)\n\n    def setup(self, runtime, N, nf):\n        \"asv API\"\n        logger = getLogger('skl2onnx')\n        logger.disabled = True\n        set_config(assume_finite=True)\n        with open(self._name(nf), \"rb\") as f:\n            stored = pickle.load(f)\n        self.stored = stored\n        self.model = stored['model']\n        self.X, self.y = make_n_rows(stored['X'], N, stored['y'])\n        onx, rt_, rt_fct_, rt_fct_track_ = self._create_onnx_and_runtime(\n            runtime, self.model, self.X)\n        self.onx = onx\n        setattr(self, \"rt_\" + runtime, rt_)\n        setattr(self, \"rt_fct_\" + runtime, rt_fct_)\n        setattr(self, \"rt_fct_track_\" + runtime, rt_fct_track_)\n\nclass TemplateBenchmarkClustering:\n    def setup_cache(self):\n        super().setup_cache()",
        "name": "template.skl_model_clustering.TemplateBenchmarkClustering.track_score",
        "param_names": [
            "rt",
            "N",
            "nf"
        ],
        "params": [
            [
                "'skl'",
                "'pyrt'",
                "'ort'"
            ],
            [
                "1",
                "100",
                "10000"
            ],
            [
                "4",
                "20"
            ]
        ],
        "setup_cache_key": "template.skl_model_clustering:38",
        "timeout": 60.0,
        "type": "track",
        "unit": "unit",
        "version": "6b9ee1cfe7d5532a15c7ef031c6b2c175947d6261b3f78ed8a496f837d5bc215"
    },
    "template.skl_model_multi_classifier.TemplateBenchmarkMultiClassifier.peakmem_predict": {
        "code": "class _CommonAsvSklBenchmark:\n    def peakmem_predict(self, runtime, N, nf):\n        \"asv API\"\n        return getattr(self, \"rt_fct_\" + runtime)(self.X)\n\n    def setup(self, runtime, N, nf):\n        \"asv API\"\n        logger = getLogger('skl2onnx')\n        logger.disabled = True\n        set_config(assume_finite=True)\n        with open(self._name(nf), \"rb\") as f:\n            stored = pickle.load(f)\n        self.stored = stored\n        self.model = stored['model']\n        self.X, self.y = make_n_rows(stored['X'], N, stored['y'])\n        onx, rt_, rt_fct_, rt_fct_track_ = self._create_onnx_and_runtime(\n            runtime, self.model, self.X)\n        self.onx = onx\n        setattr(self, \"rt_\" + runtime, rt_)\n        setattr(self, \"rt_fct_\" + runtime, rt_fct_)\n        setattr(self, \"rt_fct_track_\" + runtime, rt_fct_track_)\n\nclass TemplateBenchmarkMultiClassifier:\n    def setup_cache(self):\n        super().setup_cache()",
        "name": "template.skl_model_multi_classifier.TemplateBenchmarkMultiClassifier.peakmem_predict",
        "param_names": [
            "rt",
            "N",
            "nf"
        ],
        "params": [
            [
                "'skl'",
                "'pyrt'",
                "'ort'"
            ],
            [
                "1",
                "100",
                "10000"
            ],
            [
                "4",
                "20"
            ]
        ],
        "setup_cache_key": "template.skl_model_multi_classifier:38",
        "timeout": 60.0,
        "type": "peakmemory",
        "unit": "bytes",
        "version": "522f6e01f872bd826f591c099258d6f36af5042ab9fd58ee09ce1448eb39b88c"
    },
    "template.skl_model_multi_classifier.TemplateBenchmarkMultiClassifier.time_predict": {
        "code": "class _CommonAsvSklBenchmark:\n    def time_predict(self, runtime, N, nf):\n        \"asv API\"\n        return getattr(self, \"rt_fct_\" + runtime)(self.X)\n\n    def setup(self, runtime, N, nf):\n        \"asv API\"\n        logger = getLogger('skl2onnx')\n        logger.disabled = True\n        set_config(assume_finite=True)\n        with open(self._name(nf), \"rb\") as f:\n            stored = pickle.load(f)\n        self.stored = stored\n        self.model = stored['model']\n        self.X, self.y = make_n_rows(stored['X'], N, stored['y'])\n        onx, rt_, rt_fct_, rt_fct_track_ = self._create_onnx_and_runtime(\n            runtime, self.model, self.X)\n        self.onx = onx\n        setattr(self, \"rt_\" + runtime, rt_)\n        setattr(self, \"rt_fct_\" + runtime, rt_fct_)\n        setattr(self, \"rt_fct_track_\" + runtime, rt_fct_track_)\n\nclass TemplateBenchmarkMultiClassifier:\n    def setup_cache(self):\n        super().setup_cache()",
        "min_run_count": 2,
        "name": "template.skl_model_multi_classifier.TemplateBenchmarkMultiClassifier.time_predict",
        "number": 0,
        "param_names": [
            "rt",
            "N",
            "nf"
        ],
        "params": [
            [
                "'skl'",
                "'pyrt'",
                "'ort'"
            ],
            [
                "1",
                "100",
                "10000"
            ],
            [
                "4",
                "20"
            ]
        ],
        "processes": 2,
        "repeat": 0,
        "sample_time": 0.01,
        "setup_cache_key": "template.skl_model_multi_classifier:38",
        "timeout": 60.0,
        "type": "time",
        "unit": "seconds",
        "version": "dae76c0bfeea49bd425ba59c4fc4cd857a433623b1423f5ce7a261c057eee07d",
        "warmup_time": -1
    },
    "template.skl_model_multi_classifier.TemplateBenchmarkMultiClassifier.track_nbnodes": {
        "code": "class _CommonAsvSklBenchmark:\n    def track_nbnodes(self, runtime, N, nf):\n        \"asv API\"\n        stats = onnx_statistics(self.onx)\n        return stats.get('nnodes', 0)\n\n    def setup(self, runtime, N, nf):\n        \"asv API\"\n        logger = getLogger('skl2onnx')\n        logger.disabled = True\n        set_config(assume_finite=True)\n        with open(self._name(nf), \"rb\") as f:\n            stored = pickle.load(f)\n        self.stored = stored\n        self.model = stored['model']\n        self.X, self.y = make_n_rows(stored['X'], N, stored['y'])\n        onx, rt_, rt_fct_, rt_fct_track_ = self._create_onnx_and_runtime(\n            runtime, self.model, self.X)\n        self.onx = onx\n        setattr(self, \"rt_\" + runtime, rt_)\n        setattr(self, \"rt_fct_\" + runtime, rt_fct_)\n        setattr(self, \"rt_fct_track_\" + runtime, rt_fct_track_)\n\nclass TemplateBenchmarkMultiClassifier:\n    def setup_cache(self):\n        super().setup_cache()",
        "name": "template.skl_model_multi_classifier.TemplateBenchmarkMultiClassifier.track_nbnodes",
        "param_names": [
            "rt",
            "N",
            "nf"
        ],
        "params": [
            [
                "'skl'",
                "'pyrt'",
                "'ort'"
            ],
            [
                "1",
                "100",
                "10000"
            ],
            [
                "4",
                "20"
            ]
        ],
        "setup_cache_key": "template.skl_model_multi_classifier:38",
        "timeout": 60.0,
        "type": "track",
        "unit": "unit",
        "version": "12f94facea120a5566014b718a768efdc698e4c81ff5e782e999d6886f5be58c"
    },
    "template.skl_model_multi_classifier.TemplateBenchmarkMultiClassifier.track_onnxsize": {
        "code": "class _CommonAsvSklBenchmark:\n    def track_onnxsize(self, runtime, N, nf):\n        \"asv API\"\n        return len(self.onx.SerializeToString())\n\n    def setup(self, runtime, N, nf):\n        \"asv API\"\n        logger = getLogger('skl2onnx')\n        logger.disabled = True\n        set_config(assume_finite=True)\n        with open(self._name(nf), \"rb\") as f:\n            stored = pickle.load(f)\n        self.stored = stored\n        self.model = stored['model']\n        self.X, self.y = make_n_rows(stored['X'], N, stored['y'])\n        onx, rt_, rt_fct_, rt_fct_track_ = self._create_onnx_and_runtime(\n            runtime, self.model, self.X)\n        self.onx = onx\n        setattr(self, \"rt_\" + runtime, rt_)\n        setattr(self, \"rt_fct_\" + runtime, rt_fct_)\n        setattr(self, \"rt_fct_track_\" + runtime, rt_fct_track_)\n\nclass TemplateBenchmarkMultiClassifier:\n    def setup_cache(self):\n        super().setup_cache()",
        "name": "template.skl_model_multi_classifier.TemplateBenchmarkMultiClassifier.track_onnxsize",
        "param_names": [
            "rt",
            "N",
            "nf"
        ],
        "params": [
            [
                "'skl'",
                "'pyrt'",
                "'ort'"
            ],
            [
                "1",
                "100",
                "10000"
            ],
            [
                "4",
                "20"
            ]
        ],
        "setup_cache_key": "template.skl_model_multi_classifier:38",
        "timeout": 60.0,
        "type": "track",
        "unit": "unit",
        "version": "d9aaf6738e4db4c22440c3bc1133120d1bc2082ed7033ef904d791741c473b96"
    },
    "template.skl_model_multi_classifier.TemplateBenchmarkMultiClassifier.track_opset": {
        "code": "class _CommonAsvSklBenchmark:\n    def track_opset(self, runtime, N, nf):\n        \"asv API\"\n        stats = onnx_statistics(self.onx)\n        return stats.get('', 0)\n\n    def setup(self, runtime, N, nf):\n        \"asv API\"\n        logger = getLogger('skl2onnx')\n        logger.disabled = True\n        set_config(assume_finite=True)\n        with open(self._name(nf), \"rb\") as f:\n            stored = pickle.load(f)\n        self.stored = stored\n        self.model = stored['model']\n        self.X, self.y = make_n_rows(stored['X'], N, stored['y'])\n        onx, rt_, rt_fct_, rt_fct_track_ = self._create_onnx_and_runtime(\n            runtime, self.model, self.X)\n        self.onx = onx\n        setattr(self, \"rt_\" + runtime, rt_)\n        setattr(self, \"rt_fct_\" + runtime, rt_fct_)\n        setattr(self, \"rt_fct_track_\" + runtime, rt_fct_track_)\n\nclass TemplateBenchmarkMultiClassifier:\n    def setup_cache(self):\n        super().setup_cache()",
        "name": "template.skl_model_multi_classifier.TemplateBenchmarkMultiClassifier.track_opset",
        "param_names": [
            "rt",
            "N",
            "nf"
        ],
        "params": [
            [
                "'skl'",
                "'pyrt'",
                "'ort'"
            ],
            [
                "1",
                "100",
                "10000"
            ],
            [
                "4",
                "20"
            ]
        ],
        "setup_cache_key": "template.skl_model_multi_classifier:38",
        "timeout": 60.0,
        "type": "track",
        "unit": "unit",
        "version": "b52a3fc320356731e96fec242348786f6033595141b97c1eceed4797728211e1"
    },
    "template.skl_model_multi_classifier.TemplateBenchmarkMultiClassifier.track_score": {
        "code": "class _CommonAsvSklBenchmark:\n    def track_score(self, runtime, N, nf):\n        \"asv API\"\n        yp = getattr(self, \"rt_fct_track_\" + runtime)(self.X)\n        return self._score_metric(self.X, self.y, yp)\n\n    def setup(self, runtime, N, nf):\n        \"asv API\"\n        logger = getLogger('skl2onnx')\n        logger.disabled = True\n        set_config(assume_finite=True)\n        with open(self._name(nf), \"rb\") as f:\n            stored = pickle.load(f)\n        self.stored = stored\n        self.model = stored['model']\n        self.X, self.y = make_n_rows(stored['X'], N, stored['y'])\n        onx, rt_, rt_fct_, rt_fct_track_ = self._create_onnx_and_runtime(\n            runtime, self.model, self.X)\n        self.onx = onx\n        setattr(self, \"rt_\" + runtime, rt_)\n        setattr(self, \"rt_fct_\" + runtime, rt_fct_)\n        setattr(self, \"rt_fct_track_\" + runtime, rt_fct_track_)\n\nclass TemplateBenchmarkMultiClassifier:\n    def setup_cache(self):\n        super().setup_cache()",
        "name": "template.skl_model_multi_classifier.TemplateBenchmarkMultiClassifier.track_score",
        "param_names": [
            "rt",
            "N",
            "nf"
        ],
        "params": [
            [
                "'skl'",
                "'pyrt'",
                "'ort'"
            ],
            [
                "1",
                "100",
                "10000"
            ],
            [
                "4",
                "20"
            ]
        ],
        "setup_cache_key": "template.skl_model_multi_classifier:38",
        "timeout": 60.0,
        "type": "track",
        "unit": "unit",
        "version": "a3e0bfa0cd97b9d5adcbad7d0ca73303aa5871b10a9b1786d0fc68115f898ae4"
    },
    "template.skl_model_outlier.TemplateBenchmarkOutlier.peakmem_predict": {
        "code": "class _CommonAsvSklBenchmark:\n    def peakmem_predict(self, runtime, N, nf):\n        \"asv API\"\n        return getattr(self, \"rt_fct_\" + runtime)(self.X)\n\n    def setup(self, runtime, N, nf):\n        \"asv API\"\n        logger = getLogger('skl2onnx')\n        logger.disabled = True\n        set_config(assume_finite=True)\n        with open(self._name(nf), \"rb\") as f:\n            stored = pickle.load(f)\n        self.stored = stored\n        self.model = stored['model']\n        self.X, self.y = make_n_rows(stored['X'], N, stored['y'])\n        onx, rt_, rt_fct_, rt_fct_track_ = self._create_onnx_and_runtime(\n            runtime, self.model, self.X)\n        self.onx = onx\n        setattr(self, \"rt_\" + runtime, rt_)\n        setattr(self, \"rt_fct_\" + runtime, rt_fct_)\n        setattr(self, \"rt_fct_track_\" + runtime, rt_fct_track_)\n\nclass TemplateBenchmarkOutlier:\n    def setup_cache(self):\n        super().setup_cache()",
        "name": "template.skl_model_outlier.TemplateBenchmarkOutlier.peakmem_predict",
        "param_names": [
            "rt",
            "N",
            "nf"
        ],
        "params": [
            [
                "'skl'",
                "'pyrt'",
                "'ort'"
            ],
            [
                "1",
                "100",
                "10000"
            ],
            [
                "4",
                "20"
            ]
        ],
        "setup_cache_key": "template.skl_model_outlier:38",
        "timeout": 60.0,
        "type": "peakmemory",
        "unit": "bytes",
        "version": "36b087d209b953a91ea0034f667d6ba4630e8ca975485fbe3f7ec1a71cfbcc00"
    },
    "template.skl_model_outlier.TemplateBenchmarkOutlier.time_predict": {
        "code": "class _CommonAsvSklBenchmark:\n    def time_predict(self, runtime, N, nf):\n        \"asv API\"\n        return getattr(self, \"rt_fct_\" + runtime)(self.X)\n\n    def setup(self, runtime, N, nf):\n        \"asv API\"\n        logger = getLogger('skl2onnx')\n        logger.disabled = True\n        set_config(assume_finite=True)\n        with open(self._name(nf), \"rb\") as f:\n            stored = pickle.load(f)\n        self.stored = stored\n        self.model = stored['model']\n        self.X, self.y = make_n_rows(stored['X'], N, stored['y'])\n        onx, rt_, rt_fct_, rt_fct_track_ = self._create_onnx_and_runtime(\n            runtime, self.model, self.X)\n        self.onx = onx\n        setattr(self, \"rt_\" + runtime, rt_)\n        setattr(self, \"rt_fct_\" + runtime, rt_fct_)\n        setattr(self, \"rt_fct_track_\" + runtime, rt_fct_track_)\n\nclass TemplateBenchmarkOutlier:\n    def setup_cache(self):\n        super().setup_cache()",
        "min_run_count": 2,
        "name": "template.skl_model_outlier.TemplateBenchmarkOutlier.time_predict",
        "number": 0,
        "param_names": [
            "rt",
            "N",
            "nf"
        ],
        "params": [
            [
                "'skl'",
                "'pyrt'",
                "'ort'"
            ],
            [
                "1",
                "100",
                "10000"
            ],
            [
                "4",
                "20"
            ]
        ],
        "processes": 2,
        "repeat": 0,
        "sample_time": 0.01,
        "setup_cache_key": "template.skl_model_outlier:38",
        "timeout": 60.0,
        "type": "time",
        "unit": "seconds",
        "version": "60bc9d72f2066b0f75b2291dbc14ed41c6781340480f2430dfd0b0074c538a50",
        "warmup_time": -1
    },
    "template.skl_model_outlier.TemplateBenchmarkOutlier.track_nbnodes": {
        "code": "class _CommonAsvSklBenchmark:\n    def track_nbnodes(self, runtime, N, nf):\n        \"asv API\"\n        stats = onnx_statistics(self.onx)\n        return stats.get('nnodes', 0)\n\n    def setup(self, runtime, N, nf):\n        \"asv API\"\n        logger = getLogger('skl2onnx')\n        logger.disabled = True\n        set_config(assume_finite=True)\n        with open(self._name(nf), \"rb\") as f:\n            stored = pickle.load(f)\n        self.stored = stored\n        self.model = stored['model']\n        self.X, self.y = make_n_rows(stored['X'], N, stored['y'])\n        onx, rt_, rt_fct_, rt_fct_track_ = self._create_onnx_and_runtime(\n            runtime, self.model, self.X)\n        self.onx = onx\n        setattr(self, \"rt_\" + runtime, rt_)\n        setattr(self, \"rt_fct_\" + runtime, rt_fct_)\n        setattr(self, \"rt_fct_track_\" + runtime, rt_fct_track_)\n\nclass TemplateBenchmarkOutlier:\n    def setup_cache(self):\n        super().setup_cache()",
        "name": "template.skl_model_outlier.TemplateBenchmarkOutlier.track_nbnodes",
        "param_names": [
            "rt",
            "N",
            "nf"
        ],
        "params": [
            [
                "'skl'",
                "'pyrt'",
                "'ort'"
            ],
            [
                "1",
                "100",
                "10000"
            ],
            [
                "4",
                "20"
            ]
        ],
        "setup_cache_key": "template.skl_model_outlier:38",
        "timeout": 60.0,
        "type": "track",
        "unit": "unit",
        "version": "e563b4d11a5b5ac33b97f3fe01ca977fbce9b16b9d0b44a38ec9ff89c33b639b"
    },
    "template.skl_model_outlier.TemplateBenchmarkOutlier.track_onnxsize": {
        "code": "class _CommonAsvSklBenchmark:\n    def track_onnxsize(self, runtime, N, nf):\n        \"asv API\"\n        return len(self.onx.SerializeToString())\n\n    def setup(self, runtime, N, nf):\n        \"asv API\"\n        logger = getLogger('skl2onnx')\n        logger.disabled = True\n        set_config(assume_finite=True)\n        with open(self._name(nf), \"rb\") as f:\n            stored = pickle.load(f)\n        self.stored = stored\n        self.model = stored['model']\n        self.X, self.y = make_n_rows(stored['X'], N, stored['y'])\n        onx, rt_, rt_fct_, rt_fct_track_ = self._create_onnx_and_runtime(\n            runtime, self.model, self.X)\n        self.onx = onx\n        setattr(self, \"rt_\" + runtime, rt_)\n        setattr(self, \"rt_fct_\" + runtime, rt_fct_)\n        setattr(self, \"rt_fct_track_\" + runtime, rt_fct_track_)\n\nclass TemplateBenchmarkOutlier:\n    def setup_cache(self):\n        super().setup_cache()",
        "name": "template.skl_model_outlier.TemplateBenchmarkOutlier.track_onnxsize",
        "param_names": [
            "rt",
            "N",
            "nf"
        ],
        "params": [
            [
                "'skl'",
                "'pyrt'",
                "'ort'"
            ],
            [
                "1",
                "100",
                "10000"
            ],
            [
                "4",
                "20"
            ]
        ],
        "setup_cache_key": "template.skl_model_outlier:38",
        "timeout": 60.0,
        "type": "track",
        "unit": "unit",
        "version": "607c5fe79c7afb99779fe64fb0fe98c926aad069975ccf52f274135fd10f81d2"
    },
    "template.skl_model_outlier.TemplateBenchmarkOutlier.track_opset": {
        "code": "class _CommonAsvSklBenchmark:\n    def track_opset(self, runtime, N, nf):\n        \"asv API\"\n        stats = onnx_statistics(self.onx)\n        return stats.get('', 0)\n\n    def setup(self, runtime, N, nf):\n        \"asv API\"\n        logger = getLogger('skl2onnx')\n        logger.disabled = True\n        set_config(assume_finite=True)\n        with open(self._name(nf), \"rb\") as f:\n            stored = pickle.load(f)\n        self.stored = stored\n        self.model = stored['model']\n        self.X, self.y = make_n_rows(stored['X'], N, stored['y'])\n        onx, rt_, rt_fct_, rt_fct_track_ = self._create_onnx_and_runtime(\n            runtime, self.model, self.X)\n        self.onx = onx\n        setattr(self, \"rt_\" + runtime, rt_)\n        setattr(self, \"rt_fct_\" + runtime, rt_fct_)\n        setattr(self, \"rt_fct_track_\" + runtime, rt_fct_track_)\n\nclass TemplateBenchmarkOutlier:\n    def setup_cache(self):\n        super().setup_cache()",
        "name": "template.skl_model_outlier.TemplateBenchmarkOutlier.track_opset",
        "param_names": [
            "rt",
            "N",
            "nf"
        ],
        "params": [
            [
                "'skl'",
                "'pyrt'",
                "'ort'"
            ],
            [
                "1",
                "100",
                "10000"
            ],
            [
                "4",
                "20"
            ]
        ],
        "setup_cache_key": "template.skl_model_outlier:38",
        "timeout": 60.0,
        "type": "track",
        "unit": "unit",
        "version": "f80da5764541e303b2d8d4fbf72bdd8a8aaacfe4fa3b3e3f0c5ce930e42c95f1"
    },
    "template.skl_model_outlier.TemplateBenchmarkOutlier.track_score": {
        "code": "class _CommonAsvSklBenchmark:\n    def track_score(self, runtime, N, nf):\n        \"asv API\"\n        yp = getattr(self, \"rt_fct_track_\" + runtime)(self.X)\n        return self._score_metric(self.X, self.y, yp)\n\n    def setup(self, runtime, N, nf):\n        \"asv API\"\n        logger = getLogger('skl2onnx')\n        logger.disabled = True\n        set_config(assume_finite=True)\n        with open(self._name(nf), \"rb\") as f:\n            stored = pickle.load(f)\n        self.stored = stored\n        self.model = stored['model']\n        self.X, self.y = make_n_rows(stored['X'], N, stored['y'])\n        onx, rt_, rt_fct_, rt_fct_track_ = self._create_onnx_and_runtime(\n            runtime, self.model, self.X)\n        self.onx = onx\n        setattr(self, \"rt_\" + runtime, rt_)\n        setattr(self, \"rt_fct_\" + runtime, rt_fct_)\n        setattr(self, \"rt_fct_track_\" + runtime, rt_fct_track_)\n\nclass TemplateBenchmarkOutlier:\n    def setup_cache(self):\n        super().setup_cache()",
        "name": "template.skl_model_outlier.TemplateBenchmarkOutlier.track_score",
        "param_names": [
            "rt",
            "N",
            "nf"
        ],
        "params": [
            [
                "'skl'",
                "'pyrt'",
                "'ort'"
            ],
            [
                "1",
                "100",
                "10000"
            ],
            [
                "4",
                "20"
            ]
        ],
        "setup_cache_key": "template.skl_model_outlier:38",
        "timeout": 60.0,
        "type": "track",
        "unit": "unit",
        "version": "fc4bf79fa700b7a1b646a9235d8125a0010b6c845218b0b90bf7bdb5efd52fb0"
    },
    "template.skl_model_regressor.TemplateBenchmarkRegressor.peakmem_predict": {
        "code": "class _CommonAsvSklBenchmark:\n    def peakmem_predict(self, runtime, N, nf):\n        \"asv API\"\n        return getattr(self, \"rt_fct_\" + runtime)(self.X)\n\n    def setup(self, runtime, N, nf):\n        \"asv API\"\n        logger = getLogger('skl2onnx')\n        logger.disabled = True\n        set_config(assume_finite=True)\n        with open(self._name(nf), \"rb\") as f:\n            stored = pickle.load(f)\n        self.stored = stored\n        self.model = stored['model']\n        self.X, self.y = make_n_rows(stored['X'], N, stored['y'])\n        onx, rt_, rt_fct_, rt_fct_track_ = self._create_onnx_and_runtime(\n            runtime, self.model, self.X)\n        self.onx = onx\n        setattr(self, \"rt_\" + runtime, rt_)\n        setattr(self, \"rt_fct_\" + runtime, rt_fct_)\n        setattr(self, \"rt_fct_track_\" + runtime, rt_fct_track_)\n\nclass TemplateBenchmarkRegressor:\n    def setup_cache(self):\n        super().setup_cache()",
        "name": "template.skl_model_regressor.TemplateBenchmarkRegressor.peakmem_predict",
        "param_names": [
            "rt",
            "N",
            "nf"
        ],
        "params": [
            [
                "'skl'",
                "'pyrt'",
                "'ort'"
            ],
            [
                "1",
                "100",
                "10000"
            ],
            [
                "4",
                "20"
            ]
        ],
        "setup_cache_key": "template.skl_model_regressor:38",
        "timeout": 60.0,
        "type": "peakmemory",
        "unit": "bytes",
        "version": "62b8f77d3119464e760ae6f645aeb1afecaa21f6cc6a3f21196e9e649efc0f98"
    },
    "template.skl_model_regressor.TemplateBenchmarkRegressor.time_predict": {
        "code": "class _CommonAsvSklBenchmark:\n    def time_predict(self, runtime, N, nf):\n        \"asv API\"\n        return getattr(self, \"rt_fct_\" + runtime)(self.X)\n\n    def setup(self, runtime, N, nf):\n        \"asv API\"\n        logger = getLogger('skl2onnx')\n        logger.disabled = True\n        set_config(assume_finite=True)\n        with open(self._name(nf), \"rb\") as f:\n            stored = pickle.load(f)\n        self.stored = stored\n        self.model = stored['model']\n        self.X, self.y = make_n_rows(stored['X'], N, stored['y'])\n        onx, rt_, rt_fct_, rt_fct_track_ = self._create_onnx_and_runtime(\n            runtime, self.model, self.X)\n        self.onx = onx\n        setattr(self, \"rt_\" + runtime, rt_)\n        setattr(self, \"rt_fct_\" + runtime, rt_fct_)\n        setattr(self, \"rt_fct_track_\" + runtime, rt_fct_track_)\n\nclass TemplateBenchmarkRegressor:\n    def setup_cache(self):\n        super().setup_cache()",
        "min_run_count": 2,
        "name": "template.skl_model_regressor.TemplateBenchmarkRegressor.time_predict",
        "number": 0,
        "param_names": [
            "rt",
            "N",
            "nf"
        ],
        "params": [
            [
                "'skl'",
                "'pyrt'",
                "'ort'"
            ],
            [
                "1",
                "100",
                "10000"
            ],
            [
                "4",
                "20"
            ]
        ],
        "processes": 2,
        "repeat": 0,
        "sample_time": 0.01,
        "setup_cache_key": "template.skl_model_regressor:38",
        "timeout": 60.0,
        "type": "time",
        "unit": "seconds",
        "version": "a790138dedd28ad731b4658f3900a7a9fc4be4912928681da2bd80f09c21d884",
        "warmup_time": -1
    },
    "template.skl_model_regressor.TemplateBenchmarkRegressor.track_nbnodes": {
        "code": "class _CommonAsvSklBenchmark:\n    def track_nbnodes(self, runtime, N, nf):\n        \"asv API\"\n        stats = onnx_statistics(self.onx)\n        return stats.get('nnodes', 0)\n\n    def setup(self, runtime, N, nf):\n        \"asv API\"\n        logger = getLogger('skl2onnx')\n        logger.disabled = True\n        set_config(assume_finite=True)\n        with open(self._name(nf), \"rb\") as f:\n            stored = pickle.load(f)\n        self.stored = stored\n        self.model = stored['model']\n        self.X, self.y = make_n_rows(stored['X'], N, stored['y'])\n        onx, rt_, rt_fct_, rt_fct_track_ = self._create_onnx_and_runtime(\n            runtime, self.model, self.X)\n        self.onx = onx\n        setattr(self, \"rt_\" + runtime, rt_)\n        setattr(self, \"rt_fct_\" + runtime, rt_fct_)\n        setattr(self, \"rt_fct_track_\" + runtime, rt_fct_track_)\n\nclass TemplateBenchmarkRegressor:\n    def setup_cache(self):\n        super().setup_cache()",
        "name": "template.skl_model_regressor.TemplateBenchmarkRegressor.track_nbnodes",
        "param_names": [
            "rt",
            "N",
            "nf"
        ],
        "params": [
            [
                "'skl'",
                "'pyrt'",
                "'ort'"
            ],
            [
                "1",
                "100",
                "10000"
            ],
            [
                "4",
                "20"
            ]
        ],
        "setup_cache_key": "template.skl_model_regressor:38",
        "timeout": 60.0,
        "type": "track",
        "unit": "unit",
        "version": "b13d88c6e0e95d68043bea7f97223493728c11ffc40fb8d62f5ebcd6b46206c8"
    },
    "template.skl_model_regressor.TemplateBenchmarkRegressor.track_onnxsize": {
        "code": "class _CommonAsvSklBenchmark:\n    def track_onnxsize(self, runtime, N, nf):\n        \"asv API\"\n        return len(self.onx.SerializeToString())\n\n    def setup(self, runtime, N, nf):\n        \"asv API\"\n        logger = getLogger('skl2onnx')\n        logger.disabled = True\n        set_config(assume_finite=True)\n        with open(self._name(nf), \"rb\") as f:\n            stored = pickle.load(f)\n        self.stored = stored\n        self.model = stored['model']\n        self.X, self.y = make_n_rows(stored['X'], N, stored['y'])\n        onx, rt_, rt_fct_, rt_fct_track_ = self._create_onnx_and_runtime(\n            runtime, self.model, self.X)\n        self.onx = onx\n        setattr(self, \"rt_\" + runtime, rt_)\n        setattr(self, \"rt_fct_\" + runtime, rt_fct_)\n        setattr(self, \"rt_fct_track_\" + runtime, rt_fct_track_)\n\nclass TemplateBenchmarkRegressor:\n    def setup_cache(self):\n        super().setup_cache()",
        "name": "template.skl_model_regressor.TemplateBenchmarkRegressor.track_onnxsize",
        "param_names": [
            "rt",
            "N",
            "nf"
        ],
        "params": [
            [
                "'skl'",
                "'pyrt'",
                "'ort'"
            ],
            [
                "1",
                "100",
                "10000"
            ],
            [
                "4",
                "20"
            ]
        ],
        "setup_cache_key": "template.skl_model_regressor:38",
        "timeout": 60.0,
        "type": "track",
        "unit": "unit",
        "version": "b47b3cfc00c99fbb27e433e2c52690dd7a6325e857f84cfc6789ebc12acff12f"
    },
    "template.skl_model_regressor.TemplateBenchmarkRegressor.track_opset": {
        "code": "class _CommonAsvSklBenchmark:\n    def track_opset(self, runtime, N, nf):\n        \"asv API\"\n        stats = onnx_statistics(self.onx)\n        return stats.get('', 0)\n\n    def setup(self, runtime, N, nf):\n        \"asv API\"\n        logger = getLogger('skl2onnx')\n        logger.disabled = True\n        set_config(assume_finite=True)\n        with open(self._name(nf), \"rb\") as f:\n            stored = pickle.load(f)\n        self.stored = stored\n        self.model = stored['model']\n        self.X, self.y = make_n_rows(stored['X'], N, stored['y'])\n        onx, rt_, rt_fct_, rt_fct_track_ = self._create_onnx_and_runtime(\n            runtime, self.model, self.X)\n        self.onx = onx\n        setattr(self, \"rt_\" + runtime, rt_)\n        setattr(self, \"rt_fct_\" + runtime, rt_fct_)\n        setattr(self, \"rt_fct_track_\" + runtime, rt_fct_track_)\n\nclass TemplateBenchmarkRegressor:\n    def setup_cache(self):\n        super().setup_cache()",
        "name": "template.skl_model_regressor.TemplateBenchmarkRegressor.track_opset",
        "param_names": [
            "rt",
            "N",
            "nf"
        ],
        "params": [
            [
                "'skl'",
                "'pyrt'",
                "'ort'"
            ],
            [
                "1",
                "100",
                "10000"
            ],
            [
                "4",
                "20"
            ]
        ],
        "setup_cache_key": "template.skl_model_regressor:38",
        "timeout": 60.0,
        "type": "track",
        "unit": "unit",
        "version": "f508de4250968f2247d1b6e7a0be7363f21790a15d8d3e9d0696522fee21f069"
    },
    "template.skl_model_regressor.TemplateBenchmarkRegressor.track_score": {
        "code": "class _CommonAsvSklBenchmark:\n    def track_score(self, runtime, N, nf):\n        \"asv API\"\n        yp = getattr(self, \"rt_fct_track_\" + runtime)(self.X)\n        return self._score_metric(self.X, self.y, yp)\n\n    def setup(self, runtime, N, nf):\n        \"asv API\"\n        logger = getLogger('skl2onnx')\n        logger.disabled = True\n        set_config(assume_finite=True)\n        with open(self._name(nf), \"rb\") as f:\n            stored = pickle.load(f)\n        self.stored = stored\n        self.model = stored['model']\n        self.X, self.y = make_n_rows(stored['X'], N, stored['y'])\n        onx, rt_, rt_fct_, rt_fct_track_ = self._create_onnx_and_runtime(\n            runtime, self.model, self.X)\n        self.onx = onx\n        setattr(self, \"rt_\" + runtime, rt_)\n        setattr(self, \"rt_fct_\" + runtime, rt_fct_)\n        setattr(self, \"rt_fct_track_\" + runtime, rt_fct_track_)\n\nclass TemplateBenchmarkRegressor:\n    def setup_cache(self):\n        super().setup_cache()",
        "name": "template.skl_model_regressor.TemplateBenchmarkRegressor.track_score",
        "param_names": [
            "rt",
            "N",
            "nf"
        ],
        "params": [
            [
                "'skl'",
                "'pyrt'",
                "'ort'"
            ],
            [
                "1",
                "100",
                "10000"
            ],
            [
                "4",
                "20"
            ]
        ],
        "setup_cache_key": "template.skl_model_regressor:38",
        "timeout": 60.0,
        "type": "track",
        "unit": "unit",
        "version": "a7e29a7696ea306de822cce80c8fe88538513cd5102b1f86244d7547e4e8f753"
    },
    "template.skl_model_trainable_transform.TemplateBenchmarkTrainableTransform.peakmem_predict": {
        "code": "class _CommonAsvSklBenchmark:\n    def peakmem_predict(self, runtime, N, nf):\n        \"asv API\"\n        return getattr(self, \"rt_fct_\" + runtime)(self.X)\n\n    def setup(self, runtime, N, nf):\n        \"asv API\"\n        logger = getLogger('skl2onnx')\n        logger.disabled = True\n        set_config(assume_finite=True)\n        with open(self._name(nf), \"rb\") as f:\n            stored = pickle.load(f)\n        self.stored = stored\n        self.model = stored['model']\n        self.X, self.y = make_n_rows(stored['X'], N, stored['y'])\n        onx, rt_, rt_fct_, rt_fct_track_ = self._create_onnx_and_runtime(\n            runtime, self.model, self.X)\n        self.onx = onx\n        setattr(self, \"rt_\" + runtime, rt_)\n        setattr(self, \"rt_fct_\" + runtime, rt_fct_)\n        setattr(self, \"rt_fct_track_\" + runtime, rt_fct_track_)\n\nclass TemplateBenchmarkTrainableTransform:\n    def setup_cache(self):\n        super().setup_cache()",
        "name": "template.skl_model_trainable_transform.TemplateBenchmarkTrainableTransform.peakmem_predict",
        "param_names": [
            "rt",
            "N",
            "nf"
        ],
        "params": [
            [
                "'skl'",
                "'pyrt'",
                "'ort'"
            ],
            [
                "1",
                "100",
                "10000"
            ],
            [
                "4",
                "20"
            ]
        ],
        "setup_cache_key": "template.skl_model_trainable_transform:38",
        "timeout": 60.0,
        "type": "peakmemory",
        "unit": "bytes",
        "version": "c396e2296257ce0f569f949f831a1fb1989087794ff4ba32e585bb1a0906044b"
    },
    "template.skl_model_trainable_transform.TemplateBenchmarkTrainableTransform.time_predict": {
        "code": "class _CommonAsvSklBenchmark:\n    def time_predict(self, runtime, N, nf):\n        \"asv API\"\n        return getattr(self, \"rt_fct_\" + runtime)(self.X)\n\n    def setup(self, runtime, N, nf):\n        \"asv API\"\n        logger = getLogger('skl2onnx')\n        logger.disabled = True\n        set_config(assume_finite=True)\n        with open(self._name(nf), \"rb\") as f:\n            stored = pickle.load(f)\n        self.stored = stored\n        self.model = stored['model']\n        self.X, self.y = make_n_rows(stored['X'], N, stored['y'])\n        onx, rt_, rt_fct_, rt_fct_track_ = self._create_onnx_and_runtime(\n            runtime, self.model, self.X)\n        self.onx = onx\n        setattr(self, \"rt_\" + runtime, rt_)\n        setattr(self, \"rt_fct_\" + runtime, rt_fct_)\n        setattr(self, \"rt_fct_track_\" + runtime, rt_fct_track_)\n\nclass TemplateBenchmarkTrainableTransform:\n    def setup_cache(self):\n        super().setup_cache()",
        "min_run_count": 2,
        "name": "template.skl_model_trainable_transform.TemplateBenchmarkTrainableTransform.time_predict",
        "number": 0,
        "param_names": [
            "rt",
            "N",
            "nf"
        ],
        "params": [
            [
                "'skl'",
                "'pyrt'",
                "'ort'"
            ],
            [
                "1",
                "100",
                "10000"
            ],
            [
                "4",
                "20"
            ]
        ],
        "processes": 2,
        "repeat": 0,
        "sample_time": 0.01,
        "setup_cache_key": "template.skl_model_trainable_transform:38",
        "timeout": 60.0,
        "type": "time",
        "unit": "seconds",
        "version": "da8e2901ed79c6d83e95077f156f6ba8404061011bb865de96992ceb5db54be2",
        "warmup_time": -1
    },
    "template.skl_model_trainable_transform.TemplateBenchmarkTrainableTransform.track_nbnodes": {
        "code": "class _CommonAsvSklBenchmark:\n    def track_nbnodes(self, runtime, N, nf):\n        \"asv API\"\n        stats = onnx_statistics(self.onx)\n        return stats.get('nnodes', 0)\n\n    def setup(self, runtime, N, nf):\n        \"asv API\"\n        logger = getLogger('skl2onnx')\n        logger.disabled = True\n        set_config(assume_finite=True)\n        with open(self._name(nf), \"rb\") as f:\n            stored = pickle.load(f)\n        self.stored = stored\n        self.model = stored['model']\n        self.X, self.y = make_n_rows(stored['X'], N, stored['y'])\n        onx, rt_, rt_fct_, rt_fct_track_ = self._create_onnx_and_runtime(\n            runtime, self.model, self.X)\n        self.onx = onx\n        setattr(self, \"rt_\" + runtime, rt_)\n        setattr(self, \"rt_fct_\" + runtime, rt_fct_)\n        setattr(self, \"rt_fct_track_\" + runtime, rt_fct_track_)\n\nclass TemplateBenchmarkTrainableTransform:\n    def setup_cache(self):\n        super().setup_cache()",
        "name": "template.skl_model_trainable_transform.TemplateBenchmarkTrainableTransform.track_nbnodes",
        "param_names": [
            "rt",
            "N",
            "nf"
        ],
        "params": [
            [
                "'skl'",
                "'pyrt'",
                "'ort'"
            ],
            [
                "1",
                "100",
                "10000"
            ],
            [
                "4",
                "20"
            ]
        ],
        "setup_cache_key": "template.skl_model_trainable_transform:38",
        "timeout": 60.0,
        "type": "track",
        "unit": "unit",
        "version": "328cb14c1a6c1ad5f03db361fb9a75aa1ddb497dc6934183472e2a1e09731a2c"
    },
    "template.skl_model_trainable_transform.TemplateBenchmarkTrainableTransform.track_onnxsize": {
        "code": "class _CommonAsvSklBenchmark:\n    def track_onnxsize(self, runtime, N, nf):\n        \"asv API\"\n        return len(self.onx.SerializeToString())\n\n    def setup(self, runtime, N, nf):\n        \"asv API\"\n        logger = getLogger('skl2onnx')\n        logger.disabled = True\n        set_config(assume_finite=True)\n        with open(self._name(nf), \"rb\") as f:\n            stored = pickle.load(f)\n        self.stored = stored\n        self.model = stored['model']\n        self.X, self.y = make_n_rows(stored['X'], N, stored['y'])\n        onx, rt_, rt_fct_, rt_fct_track_ = self._create_onnx_and_runtime(\n            runtime, self.model, self.X)\n        self.onx = onx\n        setattr(self, \"rt_\" + runtime, rt_)\n        setattr(self, \"rt_fct_\" + runtime, rt_fct_)\n        setattr(self, \"rt_fct_track_\" + runtime, rt_fct_track_)\n\nclass TemplateBenchmarkTrainableTransform:\n    def setup_cache(self):\n        super().setup_cache()",
        "name": "template.skl_model_trainable_transform.TemplateBenchmarkTrainableTransform.track_onnxsize",
        "param_names": [
            "rt",
            "N",
            "nf"
        ],
        "params": [
            [
                "'skl'",
                "'pyrt'",
                "'ort'"
            ],
            [
                "1",
                "100",
                "10000"
            ],
            [
                "4",
                "20"
            ]
        ],
        "setup_cache_key": "template.skl_model_trainable_transform:38",
        "timeout": 60.0,
        "type": "track",
        "unit": "unit",
        "version": "6dbe6aff5af1fbca13f54c5b8315fc76d476f9a9eb04b5002c90f29be2356d17"
    },
    "template.skl_model_trainable_transform.TemplateBenchmarkTrainableTransform.track_opset": {
        "code": "class _CommonAsvSklBenchmark:\n    def track_opset(self, runtime, N, nf):\n        \"asv API\"\n        stats = onnx_statistics(self.onx)\n        return stats.get('', 0)\n\n    def setup(self, runtime, N, nf):\n        \"asv API\"\n        logger = getLogger('skl2onnx')\n        logger.disabled = True\n        set_config(assume_finite=True)\n        with open(self._name(nf), \"rb\") as f:\n            stored = pickle.load(f)\n        self.stored = stored\n        self.model = stored['model']\n        self.X, self.y = make_n_rows(stored['X'], N, stored['y'])\n        onx, rt_, rt_fct_, rt_fct_track_ = self._create_onnx_and_runtime(\n            runtime, self.model, self.X)\n        self.onx = onx\n        setattr(self, \"rt_\" + runtime, rt_)\n        setattr(self, \"rt_fct_\" + runtime, rt_fct_)\n        setattr(self, \"rt_fct_track_\" + runtime, rt_fct_track_)\n\nclass TemplateBenchmarkTrainableTransform:\n    def setup_cache(self):\n        super().setup_cache()",
        "name": "template.skl_model_trainable_transform.TemplateBenchmarkTrainableTransform.track_opset",
        "param_names": [
            "rt",
            "N",
            "nf"
        ],
        "params": [
            [
                "'skl'",
                "'pyrt'",
                "'ort'"
            ],
            [
                "1",
                "100",
                "10000"
            ],
            [
                "4",
                "20"
            ]
        ],
        "setup_cache_key": "template.skl_model_trainable_transform:38",
        "timeout": 60.0,
        "type": "track",
        "unit": "unit",
        "version": "8eb06ef716c8338075c4bb7947c41d42ca847e68cfe1336b75acb644eea0321d"
    },
    "template.skl_model_trainable_transform.TemplateBenchmarkTrainableTransform.track_score": {
        "code": "class _CommonAsvSklBenchmark:\n    def track_score(self, runtime, N, nf):\n        \"asv API\"\n        yp = getattr(self, \"rt_fct_track_\" + runtime)(self.X)\n        return self._score_metric(self.X, self.y, yp)\n\n    def setup(self, runtime, N, nf):\n        \"asv API\"\n        logger = getLogger('skl2onnx')\n        logger.disabled = True\n        set_config(assume_finite=True)\n        with open(self._name(nf), \"rb\") as f:\n            stored = pickle.load(f)\n        self.stored = stored\n        self.model = stored['model']\n        self.X, self.y = make_n_rows(stored['X'], N, stored['y'])\n        onx, rt_, rt_fct_, rt_fct_track_ = self._create_onnx_and_runtime(\n            runtime, self.model, self.X)\n        self.onx = onx\n        setattr(self, \"rt_\" + runtime, rt_)\n        setattr(self, \"rt_fct_\" + runtime, rt_fct_)\n        setattr(self, \"rt_fct_track_\" + runtime, rt_fct_track_)\n\nclass TemplateBenchmarkTrainableTransform:\n    def setup_cache(self):\n        super().setup_cache()",
        "name": "template.skl_model_trainable_transform.TemplateBenchmarkTrainableTransform.track_score",
        "param_names": [
            "rt",
            "N",
            "nf"
        ],
        "params": [
            [
                "'skl'",
                "'pyrt'",
                "'ort'"
            ],
            [
                "1",
                "100",
                "10000"
            ],
            [
                "4",
                "20"
            ]
        ],
        "setup_cache_key": "template.skl_model_trainable_transform:38",
        "timeout": 60.0,
        "type": "track",
        "unit": "unit",
        "version": "a8c1be56b54af8ca26aab30272621fa54a3f83e4d48ab7643b10c1a066d264fe"
    },
    "template.skl_model_transform.TemplateBenchmarkTransform.peakmem_predict": {
        "code": "class _CommonAsvSklBenchmark:\n    def peakmem_predict(self, runtime, N, nf):\n        \"asv API\"\n        return getattr(self, \"rt_fct_\" + runtime)(self.X)\n\n    def setup(self, runtime, N, nf):\n        \"asv API\"\n        logger = getLogger('skl2onnx')\n        logger.disabled = True\n        set_config(assume_finite=True)\n        with open(self._name(nf), \"rb\") as f:\n            stored = pickle.load(f)\n        self.stored = stored\n        self.model = stored['model']\n        self.X, self.y = make_n_rows(stored['X'], N, stored['y'])\n        onx, rt_, rt_fct_, rt_fct_track_ = self._create_onnx_and_runtime(\n            runtime, self.model, self.X)\n        self.onx = onx\n        setattr(self, \"rt_\" + runtime, rt_)\n        setattr(self, \"rt_fct_\" + runtime, rt_fct_)\n        setattr(self, \"rt_fct_track_\" + runtime, rt_fct_track_)\n\nclass TemplateBenchmarkTransform:\n    def setup_cache(self):\n        super().setup_cache()",
        "name": "template.skl_model_transform.TemplateBenchmarkTransform.peakmem_predict",
        "param_names": [
            "rt",
            "N",
            "nf"
        ],
        "params": [
            [
                "'skl'",
                "'pyrt'",
                "'ort'"
            ],
            [
                "1",
                "100",
                "10000"
            ],
            [
                "4",
                "20"
            ]
        ],
        "setup_cache_key": "template.skl_model_transform:38",
        "timeout": 60.0,
        "type": "peakmemory",
        "unit": "bytes",
        "version": "12c9507aa581611b74bdaba703ff3613173ac13863edfacf55b40a6f7ac44d41"
    },
    "template.skl_model_transform.TemplateBenchmarkTransform.time_predict": {
        "code": "class _CommonAsvSklBenchmark:\n    def time_predict(self, runtime, N, nf):\n        \"asv API\"\n        return getattr(self, \"rt_fct_\" + runtime)(self.X)\n\n    def setup(self, runtime, N, nf):\n        \"asv API\"\n        logger = getLogger('skl2onnx')\n        logger.disabled = True\n        set_config(assume_finite=True)\n        with open(self._name(nf), \"rb\") as f:\n            stored = pickle.load(f)\n        self.stored = stored\n        self.model = stored['model']\n        self.X, self.y = make_n_rows(stored['X'], N, stored['y'])\n        onx, rt_, rt_fct_, rt_fct_track_ = self._create_onnx_and_runtime(\n            runtime, self.model, self.X)\n        self.onx = onx\n        setattr(self, \"rt_\" + runtime, rt_)\n        setattr(self, \"rt_fct_\" + runtime, rt_fct_)\n        setattr(self, \"rt_fct_track_\" + runtime, rt_fct_track_)\n\nclass TemplateBenchmarkTransform:\n    def setup_cache(self):\n        super().setup_cache()",
        "min_run_count": 2,
        "name": "template.skl_model_transform.TemplateBenchmarkTransform.time_predict",
        "number": 0,
        "param_names": [
            "rt",
            "N",
            "nf"
        ],
        "params": [
            [
                "'skl'",
                "'pyrt'",
                "'ort'"
            ],
            [
                "1",
                "100",
                "10000"
            ],
            [
                "4",
                "20"
            ]
        ],
        "processes": 2,
        "repeat": 0,
        "sample_time": 0.01,
        "setup_cache_key": "template.skl_model_transform:38",
        "timeout": 60.0,
        "type": "time",
        "unit": "seconds",
        "version": "eabfa82b3bbd5af3758af603ba5033a4a830b54ad7f3c1c4dda7e993690b6df6",
        "warmup_time": -1
    },
    "template.skl_model_transform.TemplateBenchmarkTransform.track_nbnodes": {
        "code": "class _CommonAsvSklBenchmark:\n    def track_nbnodes(self, runtime, N, nf):\n        \"asv API\"\n        stats = onnx_statistics(self.onx)\n        return stats.get('nnodes', 0)\n\n    def setup(self, runtime, N, nf):\n        \"asv API\"\n        logger = getLogger('skl2onnx')\n        logger.disabled = True\n        set_config(assume_finite=True)\n        with open(self._name(nf), \"rb\") as f:\n            stored = pickle.load(f)\n        self.stored = stored\n        self.model = stored['model']\n        self.X, self.y = make_n_rows(stored['X'], N, stored['y'])\n        onx, rt_, rt_fct_, rt_fct_track_ = self._create_onnx_and_runtime(\n            runtime, self.model, self.X)\n        self.onx = onx\n        setattr(self, \"rt_\" + runtime, rt_)\n        setattr(self, \"rt_fct_\" + runtime, rt_fct_)\n        setattr(self, \"rt_fct_track_\" + runtime, rt_fct_track_)\n\nclass TemplateBenchmarkTransform:\n    def setup_cache(self):\n        super().setup_cache()",
        "name": "template.skl_model_transform.TemplateBenchmarkTransform.track_nbnodes",
        "param_names": [
            "rt",
            "N",
            "nf"
        ],
        "params": [
            [
                "'skl'",
                "'pyrt'",
                "'ort'"
            ],
            [
                "1",
                "100",
                "10000"
            ],
            [
                "4",
                "20"
            ]
        ],
        "setup_cache_key": "template.skl_model_transform:38",
        "timeout": 60.0,
        "type": "track",
        "unit": "unit",
        "version": "e8b13606f858c26afc9ac5699b24ff98fb50ae6a38b37188526d000e7c245a57"
    },
    "template.skl_model_transform.TemplateBenchmarkTransform.track_onnxsize": {
        "code": "class _CommonAsvSklBenchmark:\n    def track_onnxsize(self, runtime, N, nf):\n        \"asv API\"\n        return len(self.onx.SerializeToString())\n\n    def setup(self, runtime, N, nf):\n        \"asv API\"\n        logger = getLogger('skl2onnx')\n        logger.disabled = True\n        set_config(assume_finite=True)\n        with open(self._name(nf), \"rb\") as f:\n            stored = pickle.load(f)\n        self.stored = stored\n        self.model = stored['model']\n        self.X, self.y = make_n_rows(stored['X'], N, stored['y'])\n        onx, rt_, rt_fct_, rt_fct_track_ = self._create_onnx_and_runtime(\n            runtime, self.model, self.X)\n        self.onx = onx\n        setattr(self, \"rt_\" + runtime, rt_)\n        setattr(self, \"rt_fct_\" + runtime, rt_fct_)\n        setattr(self, \"rt_fct_track_\" + runtime, rt_fct_track_)\n\nclass TemplateBenchmarkTransform:\n    def setup_cache(self):\n        super().setup_cache()",
        "name": "template.skl_model_transform.TemplateBenchmarkTransform.track_onnxsize",
        "param_names": [
            "rt",
            "N",
            "nf"
        ],
        "params": [
            [
                "'skl'",
                "'pyrt'",
                "'ort'"
            ],
            [
                "1",
                "100",
                "10000"
            ],
            [
                "4",
                "20"
            ]
        ],
        "setup_cache_key": "template.skl_model_transform:38",
        "timeout": 60.0,
        "type": "track",
        "unit": "unit",
        "version": "f8718d1dac1c4c102e764954ab2db8fb0139e315a6d6f70fdc2e87fa207a45f2"
    },
    "template.skl_model_transform.TemplateBenchmarkTransform.track_opset": {
        "code": "class _CommonAsvSklBenchmark:\n    def track_opset(self, runtime, N, nf):\n        \"asv API\"\n        stats = onnx_statistics(self.onx)\n        return stats.get('', 0)\n\n    def setup(self, runtime, N, nf):\n        \"asv API\"\n        logger = getLogger('skl2onnx')\n        logger.disabled = True\n        set_config(assume_finite=True)\n        with open(self._name(nf), \"rb\") as f:\n            stored = pickle.load(f)\n        self.stored = stored\n        self.model = stored['model']\n        self.X, self.y = make_n_rows(stored['X'], N, stored['y'])\n        onx, rt_, rt_fct_, rt_fct_track_ = self._create_onnx_and_runtime(\n            runtime, self.model, self.X)\n        self.onx = onx\n        setattr(self, \"rt_\" + runtime, rt_)\n        setattr(self, \"rt_fct_\" + runtime, rt_fct_)\n        setattr(self, \"rt_fct_track_\" + runtime, rt_fct_track_)\n\nclass TemplateBenchmarkTransform:\n    def setup_cache(self):\n        super().setup_cache()",
        "name": "template.skl_model_transform.TemplateBenchmarkTransform.track_opset",
        "param_names": [
            "rt",
            "N",
            "nf"
        ],
        "params": [
            [
                "'skl'",
                "'pyrt'",
                "'ort'"
            ],
            [
                "1",
                "100",
                "10000"
            ],
            [
                "4",
                "20"
            ]
        ],
        "setup_cache_key": "template.skl_model_transform:38",
        "timeout": 60.0,
        "type": "track",
        "unit": "unit",
        "version": "90c81623749d706a7633ffb3420de07b286632222ba8e138257f160de7906b48"
    },
    "template.skl_model_transform.TemplateBenchmarkTransform.track_score": {
        "code": "class _CommonAsvSklBenchmark:\n    def track_score(self, runtime, N, nf):\n        \"asv API\"\n        yp = getattr(self, \"rt_fct_track_\" + runtime)(self.X)\n        return self._score_metric(self.X, self.y, yp)\n\n    def setup(self, runtime, N, nf):\n        \"asv API\"\n        logger = getLogger('skl2onnx')\n        logger.disabled = True\n        set_config(assume_finite=True)\n        with open(self._name(nf), \"rb\") as f:\n            stored = pickle.load(f)\n        self.stored = stored\n        self.model = stored['model']\n        self.X, self.y = make_n_rows(stored['X'], N, stored['y'])\n        onx, rt_, rt_fct_, rt_fct_track_ = self._create_onnx_and_runtime(\n            runtime, self.model, self.X)\n        self.onx = onx\n        setattr(self, \"rt_\" + runtime, rt_)\n        setattr(self, \"rt_fct_\" + runtime, rt_fct_)\n        setattr(self, \"rt_fct_track_\" + runtime, rt_fct_track_)\n\nclass TemplateBenchmarkTransform:\n    def setup_cache(self):\n        super().setup_cache()",
        "name": "template.skl_model_transform.TemplateBenchmarkTransform.track_score",
        "param_names": [
            "rt",
            "N",
            "nf"
        ],
        "params": [
            [
                "'skl'",
                "'pyrt'",
                "'ort'"
            ],
            [
                "1",
                "100",
                "10000"
            ],
            [
                "4",
                "20"
            ]
        ],
        "setup_cache_key": "template.skl_model_transform:38",
        "timeout": 60.0,
        "type": "track",
        "unit": "unit",
        "version": "5f95162c24381efc281b014772b078acdc59f72a0a6caf2c68dac7862d1bff46"
    },
    "version": 2
}