{
    "linear_model.LinearRegression.bench_LinearRegression_default.LinearRegression_default_benchRegressor.peakmem_predict": {
        "code": "class _CommonAsvSklBenchmark:\n    def peakmem_predict(self, runtime, N, nf, opset, dtype):\n        \"asv API\"\n        return getattr(self, \"rt_fct_\" + runtime)(self.X)\n\n    def setup(self, runtime, N, nf, opset, dtype):\n        \"asv API\"\n        logger = getLogger('skl2onnx')\n        logger.disabled = True\n        set_config(assume_finite=True)\n        with open(self._name(nf, opset, dtype), \"rb\") as f:\n            stored = pickle.load(f)\n        self.stored = stored\n        self.model = stored['model']\n        self.X, self.y = make_n_rows(stored['X'], N, stored['y'])\n        onx, rt_, rt_fct_, rt_fct_track_ = self._create_onnx_and_runtime(\n            runtime, self.model, self.X, opset, dtype)\n        self.onx = onx\n        setattr(self, \"rt_\" + runtime, rt_)\n        setattr(self, \"rt_fct_\" + runtime, rt_fct_)\n        setattr(self, \"rt_fct_track_\" + runtime, rt_fct_track_)\n\nclass LinearRegression_default_benchRegressor:\n    def setup_cache(self):  # pylint: disable=W0235\n        super().setup_cache()",
        "name": "linear_model.LinearRegression.bench_LinearRegression_default.LinearRegression_default_benchRegressor.peakmem_predict",
        "param_names": [
            "rt",
            "N",
            "nf",
            "opset",
            "dtype"
        ],
        "params": [
            [
                "'skl'",
                "'pyrt'"
            ],
            [
                "1",
                "100",
                "10000"
            ],
            [
                "4",
                "20"
            ],
            [
                "9",
                "10",
                "11"
            ],
            [
                "'float'",
                "'double'"
            ]
        ],
        "setup_cache_key": "linear_model.LinearRegression.bench_LinearRegression_default:31",
        "timeout": 60.0,
        "type": "peakmemory",
        "unit": "bytes",
        "version": "23f06fc32e6f61bde1b518cd02b6e946af11d6b6398f3860d3ca7b1d78079b38"
    },
    "linear_model.LinearRegression.bench_LinearRegression_default.LinearRegression_default_benchRegressor.time_predict": {
        "code": "class _CommonAsvSklBenchmark:\n    def time_predict(self, runtime, N, nf, opset, dtype):\n        \"asv API\"\n        return getattr(self, \"rt_fct_\" + runtime)(self.X)\n\n    def setup(self, runtime, N, nf, opset, dtype):\n        \"asv API\"\n        logger = getLogger('skl2onnx')\n        logger.disabled = True\n        set_config(assume_finite=True)\n        with open(self._name(nf, opset, dtype), \"rb\") as f:\n            stored = pickle.load(f)\n        self.stored = stored\n        self.model = stored['model']\n        self.X, self.y = make_n_rows(stored['X'], N, stored['y'])\n        onx, rt_, rt_fct_, rt_fct_track_ = self._create_onnx_and_runtime(\n            runtime, self.model, self.X, opset, dtype)\n        self.onx = onx\n        setattr(self, \"rt_\" + runtime, rt_)\n        setattr(self, \"rt_fct_\" + runtime, rt_fct_)\n        setattr(self, \"rt_fct_track_\" + runtime, rt_fct_track_)\n\nclass LinearRegression_default_benchRegressor:\n    def setup_cache(self):  # pylint: disable=W0235\n        super().setup_cache()",
        "min_run_count": 2,
        "name": "linear_model.LinearRegression.bench_LinearRegression_default.LinearRegression_default_benchRegressor.time_predict",
        "number": 0,
        "param_names": [
            "rt",
            "N",
            "nf",
            "opset",
            "dtype"
        ],
        "params": [
            [
                "'skl'",
                "'pyrt'"
            ],
            [
                "1",
                "100",
                "10000"
            ],
            [
                "4",
                "20"
            ],
            [
                "9",
                "10",
                "11"
            ],
            [
                "'float'",
                "'double'"
            ]
        ],
        "processes": 2,
        "repeat": 0,
        "sample_time": 0.01,
        "setup_cache_key": "linear_model.LinearRegression.bench_LinearRegression_default:31",
        "timeout": 60.0,
        "type": "time",
        "unit": "seconds",
        "version": "1c17c17a2aa7a7fde8310d72205774f44ccbae378f37f3568a00ce37c07ef1f0",
        "warmup_time": -1
    },
    "linear_model.LinearRegression.bench_LinearRegression_default.LinearRegression_default_benchRegressor.track_nbnodes": {
        "code": "class _CommonAsvSklBenchmark:\n    def track_nbnodes(self, runtime, N, nf, opset, dtype):\n        \"asv API\"\n        stats = onnx_statistics(self.onx)\n        return stats.get('nnodes', 0)\n\n    def setup(self, runtime, N, nf, opset, dtype):\n        \"asv API\"\n        logger = getLogger('skl2onnx')\n        logger.disabled = True\n        set_config(assume_finite=True)\n        with open(self._name(nf, opset, dtype), \"rb\") as f:\n            stored = pickle.load(f)\n        self.stored = stored\n        self.model = stored['model']\n        self.X, self.y = make_n_rows(stored['X'], N, stored['y'])\n        onx, rt_, rt_fct_, rt_fct_track_ = self._create_onnx_and_runtime(\n            runtime, self.model, self.X, opset, dtype)\n        self.onx = onx\n        setattr(self, \"rt_\" + runtime, rt_)\n        setattr(self, \"rt_fct_\" + runtime, rt_fct_)\n        setattr(self, \"rt_fct_track_\" + runtime, rt_fct_track_)\n\nclass LinearRegression_default_benchRegressor:\n    def setup_cache(self):  # pylint: disable=W0235\n        super().setup_cache()",
        "name": "linear_model.LinearRegression.bench_LinearRegression_default.LinearRegression_default_benchRegressor.track_nbnodes",
        "param_names": [
            "rt",
            "N",
            "nf",
            "opset",
            "dtype"
        ],
        "params": [
            [
                "'skl'",
                "'pyrt'"
            ],
            [
                "1",
                "100",
                "10000"
            ],
            [
                "4",
                "20"
            ],
            [
                "9",
                "10",
                "11"
            ],
            [
                "'float'",
                "'double'"
            ]
        ],
        "setup_cache_key": "linear_model.LinearRegression.bench_LinearRegression_default:31",
        "timeout": 60.0,
        "type": "track",
        "unit": "unit",
        "version": "1d6d3a95fd31a46f15793c02643ec5e0e8e801a87e88c4f054b98c972cad0f17"
    },
    "linear_model.LinearRegression.bench_LinearRegression_default.LinearRegression_default_benchRegressor.track_onnxsize": {
        "code": "class _CommonAsvSklBenchmark:\n    def track_onnxsize(self, runtime, N, nf, opset, dtype):\n        \"asv API\"\n        return len(self.onx.SerializeToString())\n\n    def setup(self, runtime, N, nf, opset, dtype):\n        \"asv API\"\n        logger = getLogger('skl2onnx')\n        logger.disabled = True\n        set_config(assume_finite=True)\n        with open(self._name(nf, opset, dtype), \"rb\") as f:\n            stored = pickle.load(f)\n        self.stored = stored\n        self.model = stored['model']\n        self.X, self.y = make_n_rows(stored['X'], N, stored['y'])\n        onx, rt_, rt_fct_, rt_fct_track_ = self._create_onnx_and_runtime(\n            runtime, self.model, self.X, opset, dtype)\n        self.onx = onx\n        setattr(self, \"rt_\" + runtime, rt_)\n        setattr(self, \"rt_fct_\" + runtime, rt_fct_)\n        setattr(self, \"rt_fct_track_\" + runtime, rt_fct_track_)\n\nclass LinearRegression_default_benchRegressor:\n    def setup_cache(self):  # pylint: disable=W0235\n        super().setup_cache()",
        "name": "linear_model.LinearRegression.bench_LinearRegression_default.LinearRegression_default_benchRegressor.track_onnxsize",
        "param_names": [
            "rt",
            "N",
            "nf",
            "opset",
            "dtype"
        ],
        "params": [
            [
                "'skl'",
                "'pyrt'"
            ],
            [
                "1",
                "100",
                "10000"
            ],
            [
                "4",
                "20"
            ],
            [
                "9",
                "10",
                "11"
            ],
            [
                "'float'",
                "'double'"
            ]
        ],
        "setup_cache_key": "linear_model.LinearRegression.bench_LinearRegression_default:31",
        "timeout": 60.0,
        "type": "track",
        "unit": "unit",
        "version": "e7da1bdd7f955a4e10b5722b234921cf3efea58be4e662d8b29e94ce2637128f"
    },
    "linear_model.LinearRegression.bench_LinearRegression_default.LinearRegression_default_benchRegressor.track_opset": {
        "code": "class _CommonAsvSklBenchmark:\n    def track_opset(self, runtime, N, nf, opset, dtype):\n        \"asv API\"\n        stats = onnx_statistics(self.onx)\n        return stats.get('', 0)\n\n    def setup(self, runtime, N, nf, opset, dtype):\n        \"asv API\"\n        logger = getLogger('skl2onnx')\n        logger.disabled = True\n        set_config(assume_finite=True)\n        with open(self._name(nf, opset, dtype), \"rb\") as f:\n            stored = pickle.load(f)\n        self.stored = stored\n        self.model = stored['model']\n        self.X, self.y = make_n_rows(stored['X'], N, stored['y'])\n        onx, rt_, rt_fct_, rt_fct_track_ = self._create_onnx_and_runtime(\n            runtime, self.model, self.X, opset, dtype)\n        self.onx = onx\n        setattr(self, \"rt_\" + runtime, rt_)\n        setattr(self, \"rt_fct_\" + runtime, rt_fct_)\n        setattr(self, \"rt_fct_track_\" + runtime, rt_fct_track_)\n\nclass LinearRegression_default_benchRegressor:\n    def setup_cache(self):  # pylint: disable=W0235\n        super().setup_cache()",
        "name": "linear_model.LinearRegression.bench_LinearRegression_default.LinearRegression_default_benchRegressor.track_opset",
        "param_names": [
            "rt",
            "N",
            "nf",
            "opset",
            "dtype"
        ],
        "params": [
            [
                "'skl'",
                "'pyrt'"
            ],
            [
                "1",
                "100",
                "10000"
            ],
            [
                "4",
                "20"
            ],
            [
                "9",
                "10",
                "11"
            ],
            [
                "'float'",
                "'double'"
            ]
        ],
        "setup_cache_key": "linear_model.LinearRegression.bench_LinearRegression_default:31",
        "timeout": 60.0,
        "type": "track",
        "unit": "unit",
        "version": "6a4a52674284461615ade694909847f85a633b629ce0e7f96334472081d94faa"
    },
    "linear_model.LinearRegression.bench_LinearRegression_default.LinearRegression_default_benchRegressor.track_score": {
        "code": "class _CommonAsvSklBenchmark:\n    def track_score(self, runtime, N, nf, opset, dtype):\n        \"asv API\"\n        yp = getattr(self, \"rt_fct_track_\" + runtime)(self.X)\n        return self._score_metric(self.X, self.y, yp)\n\n    def setup(self, runtime, N, nf, opset, dtype):\n        \"asv API\"\n        logger = getLogger('skl2onnx')\n        logger.disabled = True\n        set_config(assume_finite=True)\n        with open(self._name(nf, opset, dtype), \"rb\") as f:\n            stored = pickle.load(f)\n        self.stored = stored\n        self.model = stored['model']\n        self.X, self.y = make_n_rows(stored['X'], N, stored['y'])\n        onx, rt_, rt_fct_, rt_fct_track_ = self._create_onnx_and_runtime(\n            runtime, self.model, self.X, opset, dtype)\n        self.onx = onx\n        setattr(self, \"rt_\" + runtime, rt_)\n        setattr(self, \"rt_fct_\" + runtime, rt_fct_)\n        setattr(self, \"rt_fct_track_\" + runtime, rt_fct_track_)\n\nclass LinearRegression_default_benchRegressor:\n    def setup_cache(self):  # pylint: disable=W0235\n        super().setup_cache()",
        "name": "linear_model.LinearRegression.bench_LinearRegression_default.LinearRegression_default_benchRegressor.track_score",
        "param_names": [
            "rt",
            "N",
            "nf",
            "opset",
            "dtype"
        ],
        "params": [
            [
                "'skl'",
                "'pyrt'"
            ],
            [
                "1",
                "100",
                "10000"
            ],
            [
                "4",
                "20"
            ],
            [
                "9",
                "10",
                "11"
            ],
            [
                "'float'",
                "'double'"
            ]
        ],
        "setup_cache_key": "linear_model.LinearRegression.bench_LinearRegression_default:31",
        "timeout": 60.0,
        "type": "track",
        "unit": "unit",
        "version": "69cc7c1dbbcd61fee7d13a524a99e0dfd3047913648b0e5c513ca228c20b719f"
    },
    "linear_model.LogisticRegression.bench_LogisticRegression_liblinear_solverliblinear.LogisticRegression_liblinear_solverliblinear_benchClassifier.peakmem_predict": {
        "code": "class _CommonAsvSklBenchmark:\n    def peakmem_predict(self, runtime, N, nf, opset, dtype):\n        \"asv API\"\n        return getattr(self, \"rt_fct_\" + runtime)(self.X)\n\n    def setup(self, runtime, N, nf, opset, dtype):\n        \"asv API\"\n        logger = getLogger('skl2onnx')\n        logger.disabled = True\n        set_config(assume_finite=True)\n        with open(self._name(nf, opset, dtype), \"rb\") as f:\n            stored = pickle.load(f)\n        self.stored = stored\n        self.model = stored['model']\n        self.X, self.y = make_n_rows(stored['X'], N, stored['y'])\n        onx, rt_, rt_fct_, rt_fct_track_ = self._create_onnx_and_runtime(\n            runtime, self.model, self.X, opset, dtype)\n        self.onx = onx\n        setattr(self, \"rt_\" + runtime, rt_)\n        setattr(self, \"rt_fct_\" + runtime, rt_fct_)\n        setattr(self, \"rt_fct_track_\" + runtime, rt_fct_track_)\n\nclass LogisticRegression_liblinear_solverliblinear_benchClassifier:\n    def setup_cache(self):  # pylint: disable=W0235\n        super().setup_cache()",
        "name": "linear_model.LogisticRegression.bench_LogisticRegression_liblinear_solverliblinear.LogisticRegression_liblinear_solverliblinear_benchClassifier.peakmem_predict",
        "param_names": [
            "rt",
            "N",
            "nf",
            "opset",
            "dtype"
        ],
        "params": [
            [
                "'skl'",
                "'pyrt'"
            ],
            [
                "1",
                "100",
                "10000"
            ],
            [
                "4",
                "20"
            ],
            [
                "9",
                "10",
                "11"
            ],
            [
                "'float'"
            ]
        ],
        "setup_cache_key": "linear_model.LogisticRegression.bench_LogisticRegression_liblinear_solverliblinear:31",
        "timeout": 60.0,
        "type": "peakmemory",
        "unit": "bytes",
        "version": "cef717a1d0dcb44b8f5335756c6ee7234e2cf5d8c8078bddaeeb8912af1c7eb6"
    },
    "linear_model.LogisticRegression.bench_LogisticRegression_liblinear_solverliblinear.LogisticRegression_liblinear_solverliblinear_benchClassifier.time_predict": {
        "code": "class _CommonAsvSklBenchmark:\n    def time_predict(self, runtime, N, nf, opset, dtype):\n        \"asv API\"\n        return getattr(self, \"rt_fct_\" + runtime)(self.X)\n\n    def setup(self, runtime, N, nf, opset, dtype):\n        \"asv API\"\n        logger = getLogger('skl2onnx')\n        logger.disabled = True\n        set_config(assume_finite=True)\n        with open(self._name(nf, opset, dtype), \"rb\") as f:\n            stored = pickle.load(f)\n        self.stored = stored\n        self.model = stored['model']\n        self.X, self.y = make_n_rows(stored['X'], N, stored['y'])\n        onx, rt_, rt_fct_, rt_fct_track_ = self._create_onnx_and_runtime(\n            runtime, self.model, self.X, opset, dtype)\n        self.onx = onx\n        setattr(self, \"rt_\" + runtime, rt_)\n        setattr(self, \"rt_fct_\" + runtime, rt_fct_)\n        setattr(self, \"rt_fct_track_\" + runtime, rt_fct_track_)\n\nclass LogisticRegression_liblinear_solverliblinear_benchClassifier:\n    def setup_cache(self):  # pylint: disable=W0235\n        super().setup_cache()",
        "min_run_count": 2,
        "name": "linear_model.LogisticRegression.bench_LogisticRegression_liblinear_solverliblinear.LogisticRegression_liblinear_solverliblinear_benchClassifier.time_predict",
        "number": 0,
        "param_names": [
            "rt",
            "N",
            "nf",
            "opset",
            "dtype"
        ],
        "params": [
            [
                "'skl'",
                "'pyrt'"
            ],
            [
                "1",
                "100",
                "10000"
            ],
            [
                "4",
                "20"
            ],
            [
                "9",
                "10",
                "11"
            ],
            [
                "'float'"
            ]
        ],
        "processes": 2,
        "repeat": 0,
        "sample_time": 0.01,
        "setup_cache_key": "linear_model.LogisticRegression.bench_LogisticRegression_liblinear_solverliblinear:31",
        "timeout": 60.0,
        "type": "time",
        "unit": "seconds",
        "version": "305db69ba37aff1739ffe35e7516f42b0e633761cd244a1b8cbac88e04f14dc2",
        "warmup_time": -1
    },
    "linear_model.LogisticRegression.bench_LogisticRegression_liblinear_solverliblinear.LogisticRegression_liblinear_solverliblinear_benchClassifier.track_nbnodes": {
        "code": "class _CommonAsvSklBenchmark:\n    def track_nbnodes(self, runtime, N, nf, opset, dtype):\n        \"asv API\"\n        stats = onnx_statistics(self.onx)\n        return stats.get('nnodes', 0)\n\n    def setup(self, runtime, N, nf, opset, dtype):\n        \"asv API\"\n        logger = getLogger('skl2onnx')\n        logger.disabled = True\n        set_config(assume_finite=True)\n        with open(self._name(nf, opset, dtype), \"rb\") as f:\n            stored = pickle.load(f)\n        self.stored = stored\n        self.model = stored['model']\n        self.X, self.y = make_n_rows(stored['X'], N, stored['y'])\n        onx, rt_, rt_fct_, rt_fct_track_ = self._create_onnx_and_runtime(\n            runtime, self.model, self.X, opset, dtype)\n        self.onx = onx\n        setattr(self, \"rt_\" + runtime, rt_)\n        setattr(self, \"rt_fct_\" + runtime, rt_fct_)\n        setattr(self, \"rt_fct_track_\" + runtime, rt_fct_track_)\n\nclass LogisticRegression_liblinear_solverliblinear_benchClassifier:\n    def setup_cache(self):  # pylint: disable=W0235\n        super().setup_cache()",
        "name": "linear_model.LogisticRegression.bench_LogisticRegression_liblinear_solverliblinear.LogisticRegression_liblinear_solverliblinear_benchClassifier.track_nbnodes",
        "param_names": [
            "rt",
            "N",
            "nf",
            "opset",
            "dtype"
        ],
        "params": [
            [
                "'skl'",
                "'pyrt'"
            ],
            [
                "1",
                "100",
                "10000"
            ],
            [
                "4",
                "20"
            ],
            [
                "9",
                "10",
                "11"
            ],
            [
                "'float'"
            ]
        ],
        "setup_cache_key": "linear_model.LogisticRegression.bench_LogisticRegression_liblinear_solverliblinear:31",
        "timeout": 60.0,
        "type": "track",
        "unit": "unit",
        "version": "727229c97fe74e6d4824ac984ad1bf0e65a04867ac3f59a5d21fbefc638ce696"
    },
    "linear_model.LogisticRegression.bench_LogisticRegression_liblinear_solverliblinear.LogisticRegression_liblinear_solverliblinear_benchClassifier.track_onnxsize": {
        "code": "class _CommonAsvSklBenchmark:\n    def track_onnxsize(self, runtime, N, nf, opset, dtype):\n        \"asv API\"\n        return len(self.onx.SerializeToString())\n\n    def setup(self, runtime, N, nf, opset, dtype):\n        \"asv API\"\n        logger = getLogger('skl2onnx')\n        logger.disabled = True\n        set_config(assume_finite=True)\n        with open(self._name(nf, opset, dtype), \"rb\") as f:\n            stored = pickle.load(f)\n        self.stored = stored\n        self.model = stored['model']\n        self.X, self.y = make_n_rows(stored['X'], N, stored['y'])\n        onx, rt_, rt_fct_, rt_fct_track_ = self._create_onnx_and_runtime(\n            runtime, self.model, self.X, opset, dtype)\n        self.onx = onx\n        setattr(self, \"rt_\" + runtime, rt_)\n        setattr(self, \"rt_fct_\" + runtime, rt_fct_)\n        setattr(self, \"rt_fct_track_\" + runtime, rt_fct_track_)\n\nclass LogisticRegression_liblinear_solverliblinear_benchClassifier:\n    def setup_cache(self):  # pylint: disable=W0235\n        super().setup_cache()",
        "name": "linear_model.LogisticRegression.bench_LogisticRegression_liblinear_solverliblinear.LogisticRegression_liblinear_solverliblinear_benchClassifier.track_onnxsize",
        "param_names": [
            "rt",
            "N",
            "nf",
            "opset",
            "dtype"
        ],
        "params": [
            [
                "'skl'",
                "'pyrt'"
            ],
            [
                "1",
                "100",
                "10000"
            ],
            [
                "4",
                "20"
            ],
            [
                "9",
                "10",
                "11"
            ],
            [
                "'float'"
            ]
        ],
        "setup_cache_key": "linear_model.LogisticRegression.bench_LogisticRegression_liblinear_solverliblinear:31",
        "timeout": 60.0,
        "type": "track",
        "unit": "unit",
        "version": "a51e99ee8d88027bf0dd120ddef827ac6027a97735725ebd304dce63cd956a01"
    },
    "linear_model.LogisticRegression.bench_LogisticRegression_liblinear_solverliblinear.LogisticRegression_liblinear_solverliblinear_benchClassifier.track_opset": {
        "code": "class _CommonAsvSklBenchmark:\n    def track_opset(self, runtime, N, nf, opset, dtype):\n        \"asv API\"\n        stats = onnx_statistics(self.onx)\n        return stats.get('', 0)\n\n    def setup(self, runtime, N, nf, opset, dtype):\n        \"asv API\"\n        logger = getLogger('skl2onnx')\n        logger.disabled = True\n        set_config(assume_finite=True)\n        with open(self._name(nf, opset, dtype), \"rb\") as f:\n            stored = pickle.load(f)\n        self.stored = stored\n        self.model = stored['model']\n        self.X, self.y = make_n_rows(stored['X'], N, stored['y'])\n        onx, rt_, rt_fct_, rt_fct_track_ = self._create_onnx_and_runtime(\n            runtime, self.model, self.X, opset, dtype)\n        self.onx = onx\n        setattr(self, \"rt_\" + runtime, rt_)\n        setattr(self, \"rt_fct_\" + runtime, rt_fct_)\n        setattr(self, \"rt_fct_track_\" + runtime, rt_fct_track_)\n\nclass LogisticRegression_liblinear_solverliblinear_benchClassifier:\n    def setup_cache(self):  # pylint: disable=W0235\n        super().setup_cache()",
        "name": "linear_model.LogisticRegression.bench_LogisticRegression_liblinear_solverliblinear.LogisticRegression_liblinear_solverliblinear_benchClassifier.track_opset",
        "param_names": [
            "rt",
            "N",
            "nf",
            "opset",
            "dtype"
        ],
        "params": [
            [
                "'skl'",
                "'pyrt'"
            ],
            [
                "1",
                "100",
                "10000"
            ],
            [
                "4",
                "20"
            ],
            [
                "9",
                "10",
                "11"
            ],
            [
                "'float'"
            ]
        ],
        "setup_cache_key": "linear_model.LogisticRegression.bench_LogisticRegression_liblinear_solverliblinear:31",
        "timeout": 60.0,
        "type": "track",
        "unit": "unit",
        "version": "99acad3a240ab29ea89cfb40fe762aa9fe0c6fd40e2cdde36169b4a43ddc39f5"
    },
    "linear_model.LogisticRegression.bench_LogisticRegression_liblinear_solverliblinear.LogisticRegression_liblinear_solverliblinear_benchClassifier.track_score": {
        "code": "class _CommonAsvSklBenchmark:\n    def track_score(self, runtime, N, nf, opset, dtype):\n        \"asv API\"\n        yp = getattr(self, \"rt_fct_track_\" + runtime)(self.X)\n        return self._score_metric(self.X, self.y, yp)\n\n    def setup(self, runtime, N, nf, opset, dtype):\n        \"asv API\"\n        logger = getLogger('skl2onnx')\n        logger.disabled = True\n        set_config(assume_finite=True)\n        with open(self._name(nf, opset, dtype), \"rb\") as f:\n            stored = pickle.load(f)\n        self.stored = stored\n        self.model = stored['model']\n        self.X, self.y = make_n_rows(stored['X'], N, stored['y'])\n        onx, rt_, rt_fct_, rt_fct_track_ = self._create_onnx_and_runtime(\n            runtime, self.model, self.X, opset, dtype)\n        self.onx = onx\n        setattr(self, \"rt_\" + runtime, rt_)\n        setattr(self, \"rt_fct_\" + runtime, rt_fct_)\n        setattr(self, \"rt_fct_track_\" + runtime, rt_fct_track_)\n\nclass LogisticRegression_liblinear_solverliblinear_benchClassifier:\n    def setup_cache(self):  # pylint: disable=W0235\n        super().setup_cache()",
        "name": "linear_model.LogisticRegression.bench_LogisticRegression_liblinear_solverliblinear.LogisticRegression_liblinear_solverliblinear_benchClassifier.track_score",
        "param_names": [
            "rt",
            "N",
            "nf",
            "opset",
            "dtype"
        ],
        "params": [
            [
                "'skl'",
                "'pyrt'"
            ],
            [
                "1",
                "100",
                "10000"
            ],
            [
                "4",
                "20"
            ],
            [
                "9",
                "10",
                "11"
            ],
            [
                "'float'"
            ]
        ],
        "setup_cache_key": "linear_model.LogisticRegression.bench_LogisticRegression_liblinear_solverliblinear:31",
        "timeout": 60.0,
        "type": "track",
        "unit": "unit",
        "version": "17c315df1e1214bd0d934671be76e95b9063a10fea7acecd991ebbffc77fac68"
    },
    "linear_model.LogisticRegression.bench_LogisticRegression_liblinear_solverliblinear_onnx.LogisticRegression_liblinear_solverliblinear_onnx_benchClassifier.peakmem_predict": {
        "code": "class _CommonAsvSklBenchmark:\n    def peakmem_predict(self, runtime, N, nf, opset, dtype):\n        \"asv API\"\n        return getattr(self, \"rt_fct_\" + runtime)(self.X)\n\n    def setup(self, runtime, N, nf, opset, dtype):\n        \"asv API\"\n        logger = getLogger('skl2onnx')\n        logger.disabled = True\n        set_config(assume_finite=True)\n        with open(self._name(nf, opset, dtype), \"rb\") as f:\n            stored = pickle.load(f)\n        self.stored = stored\n        self.model = stored['model']\n        self.X, self.y = make_n_rows(stored['X'], N, stored['y'])\n        onx, rt_, rt_fct_, rt_fct_track_ = self._create_onnx_and_runtime(\n            runtime, self.model, self.X, opset, dtype)\n        self.onx = onx\n        setattr(self, \"rt_\" + runtime, rt_)\n        setattr(self, \"rt_fct_\" + runtime, rt_fct_)\n        setattr(self, \"rt_fct_track_\" + runtime, rt_fct_track_)\n\nclass LogisticRegression_liblinear_solverliblinear_onnx_benchClassifier:\n    def setup_cache(self):  # pylint: disable=W0235\n        super().setup_cache()",
        "name": "linear_model.LogisticRegression.bench_LogisticRegression_liblinear_solverliblinear_onnx.LogisticRegression_liblinear_solverliblinear_onnx_benchClassifier.peakmem_predict",
        "param_names": [
            "rt",
            "N",
            "nf",
            "opset",
            "dtype"
        ],
        "params": [
            [
                "'skl'",
                "'pyrt'"
            ],
            [
                "1",
                "100",
                "10000"
            ],
            [
                "4",
                "20"
            ],
            [
                "9",
                "10",
                "11"
            ],
            [
                "'float'"
            ]
        ],
        "setup_cache_key": "linear_model.LogisticRegression.bench_LogisticRegression_liblinear_solverliblinear_onnx:33",
        "timeout": 60.0,
        "type": "peakmemory",
        "unit": "bytes",
        "version": "129e57fc1f289f08151f5e1a7c1431adcb974c1b9afcc76c2c001ac3cbda9ec2"
    },
    "linear_model.LogisticRegression.bench_LogisticRegression_liblinear_solverliblinear_onnx.LogisticRegression_liblinear_solverliblinear_onnx_benchClassifier.time_predict": {
        "code": "class _CommonAsvSklBenchmark:\n    def time_predict(self, runtime, N, nf, opset, dtype):\n        \"asv API\"\n        return getattr(self, \"rt_fct_\" + runtime)(self.X)\n\n    def setup(self, runtime, N, nf, opset, dtype):\n        \"asv API\"\n        logger = getLogger('skl2onnx')\n        logger.disabled = True\n        set_config(assume_finite=True)\n        with open(self._name(nf, opset, dtype), \"rb\") as f:\n            stored = pickle.load(f)\n        self.stored = stored\n        self.model = stored['model']\n        self.X, self.y = make_n_rows(stored['X'], N, stored['y'])\n        onx, rt_, rt_fct_, rt_fct_track_ = self._create_onnx_and_runtime(\n            runtime, self.model, self.X, opset, dtype)\n        self.onx = onx\n        setattr(self, \"rt_\" + runtime, rt_)\n        setattr(self, \"rt_fct_\" + runtime, rt_fct_)\n        setattr(self, \"rt_fct_track_\" + runtime, rt_fct_track_)\n\nclass LogisticRegression_liblinear_solverliblinear_onnx_benchClassifier:\n    def setup_cache(self):  # pylint: disable=W0235\n        super().setup_cache()",
        "min_run_count": 2,
        "name": "linear_model.LogisticRegression.bench_LogisticRegression_liblinear_solverliblinear_onnx.LogisticRegression_liblinear_solverliblinear_onnx_benchClassifier.time_predict",
        "number": 0,
        "param_names": [
            "rt",
            "N",
            "nf",
            "opset",
            "dtype"
        ],
        "params": [
            [
                "'skl'",
                "'pyrt'"
            ],
            [
                "1",
                "100",
                "10000"
            ],
            [
                "4",
                "20"
            ],
            [
                "9",
                "10",
                "11"
            ],
            [
                "'float'"
            ]
        ],
        "processes": 2,
        "repeat": 0,
        "sample_time": 0.01,
        "setup_cache_key": "linear_model.LogisticRegression.bench_LogisticRegression_liblinear_solverliblinear_onnx:33",
        "timeout": 60.0,
        "type": "time",
        "unit": "seconds",
        "version": "a96b4d8c3da86af9a6ebddf8775cfa542759092b2587d8a76d8a98d20b3b324d",
        "warmup_time": -1
    },
    "linear_model.LogisticRegression.bench_LogisticRegression_liblinear_solverliblinear_onnx.LogisticRegression_liblinear_solverliblinear_onnx_benchClassifier.track_nbnodes": {
        "code": "class _CommonAsvSklBenchmark:\n    def track_nbnodes(self, runtime, N, nf, opset, dtype):\n        \"asv API\"\n        stats = onnx_statistics(self.onx)\n        return stats.get('nnodes', 0)\n\n    def setup(self, runtime, N, nf, opset, dtype):\n        \"asv API\"\n        logger = getLogger('skl2onnx')\n        logger.disabled = True\n        set_config(assume_finite=True)\n        with open(self._name(nf, opset, dtype), \"rb\") as f:\n            stored = pickle.load(f)\n        self.stored = stored\n        self.model = stored['model']\n        self.X, self.y = make_n_rows(stored['X'], N, stored['y'])\n        onx, rt_, rt_fct_, rt_fct_track_ = self._create_onnx_and_runtime(\n            runtime, self.model, self.X, opset, dtype)\n        self.onx = onx\n        setattr(self, \"rt_\" + runtime, rt_)\n        setattr(self, \"rt_fct_\" + runtime, rt_fct_)\n        setattr(self, \"rt_fct_track_\" + runtime, rt_fct_track_)\n\nclass LogisticRegression_liblinear_solverliblinear_onnx_benchClassifier:\n    def setup_cache(self):  # pylint: disable=W0235\n        super().setup_cache()",
        "name": "linear_model.LogisticRegression.bench_LogisticRegression_liblinear_solverliblinear_onnx.LogisticRegression_liblinear_solverliblinear_onnx_benchClassifier.track_nbnodes",
        "param_names": [
            "rt",
            "N",
            "nf",
            "opset",
            "dtype"
        ],
        "params": [
            [
                "'skl'",
                "'pyrt'"
            ],
            [
                "1",
                "100",
                "10000"
            ],
            [
                "4",
                "20"
            ],
            [
                "9",
                "10",
                "11"
            ],
            [
                "'float'"
            ]
        ],
        "setup_cache_key": "linear_model.LogisticRegression.bench_LogisticRegression_liblinear_solverliblinear_onnx:33",
        "timeout": 60.0,
        "type": "track",
        "unit": "unit",
        "version": "ab9fe9b6e449592b88e23c267174f50a03c36b6d6a231474cd9665c6982d55b6"
    },
    "linear_model.LogisticRegression.bench_LogisticRegression_liblinear_solverliblinear_onnx.LogisticRegression_liblinear_solverliblinear_onnx_benchClassifier.track_onnxsize": {
        "code": "class _CommonAsvSklBenchmark:\n    def track_onnxsize(self, runtime, N, nf, opset, dtype):\n        \"asv API\"\n        return len(self.onx.SerializeToString())\n\n    def setup(self, runtime, N, nf, opset, dtype):\n        \"asv API\"\n        logger = getLogger('skl2onnx')\n        logger.disabled = True\n        set_config(assume_finite=True)\n        with open(self._name(nf, opset, dtype), \"rb\") as f:\n            stored = pickle.load(f)\n        self.stored = stored\n        self.model = stored['model']\n        self.X, self.y = make_n_rows(stored['X'], N, stored['y'])\n        onx, rt_, rt_fct_, rt_fct_track_ = self._create_onnx_and_runtime(\n            runtime, self.model, self.X, opset, dtype)\n        self.onx = onx\n        setattr(self, \"rt_\" + runtime, rt_)\n        setattr(self, \"rt_fct_\" + runtime, rt_fct_)\n        setattr(self, \"rt_fct_track_\" + runtime, rt_fct_track_)\n\nclass LogisticRegression_liblinear_solverliblinear_onnx_benchClassifier:\n    def setup_cache(self):  # pylint: disable=W0235\n        super().setup_cache()",
        "name": "linear_model.LogisticRegression.bench_LogisticRegression_liblinear_solverliblinear_onnx.LogisticRegression_liblinear_solverliblinear_onnx_benchClassifier.track_onnxsize",
        "param_names": [
            "rt",
            "N",
            "nf",
            "opset",
            "dtype"
        ],
        "params": [
            [
                "'skl'",
                "'pyrt'"
            ],
            [
                "1",
                "100",
                "10000"
            ],
            [
                "4",
                "20"
            ],
            [
                "9",
                "10",
                "11"
            ],
            [
                "'float'"
            ]
        ],
        "setup_cache_key": "linear_model.LogisticRegression.bench_LogisticRegression_liblinear_solverliblinear_onnx:33",
        "timeout": 60.0,
        "type": "track",
        "unit": "unit",
        "version": "5ceb69a720f6f0f1b12bd1283d855f302cefe36506afdfe1592ac0995a2cf802"
    },
    "linear_model.LogisticRegression.bench_LogisticRegression_liblinear_solverliblinear_onnx.LogisticRegression_liblinear_solverliblinear_onnx_benchClassifier.track_opset": {
        "code": "class _CommonAsvSklBenchmark:\n    def track_opset(self, runtime, N, nf, opset, dtype):\n        \"asv API\"\n        stats = onnx_statistics(self.onx)\n        return stats.get('', 0)\n\n    def setup(self, runtime, N, nf, opset, dtype):\n        \"asv API\"\n        logger = getLogger('skl2onnx')\n        logger.disabled = True\n        set_config(assume_finite=True)\n        with open(self._name(nf, opset, dtype), \"rb\") as f:\n            stored = pickle.load(f)\n        self.stored = stored\n        self.model = stored['model']\n        self.X, self.y = make_n_rows(stored['X'], N, stored['y'])\n        onx, rt_, rt_fct_, rt_fct_track_ = self._create_onnx_and_runtime(\n            runtime, self.model, self.X, opset, dtype)\n        self.onx = onx\n        setattr(self, \"rt_\" + runtime, rt_)\n        setattr(self, \"rt_fct_\" + runtime, rt_fct_)\n        setattr(self, \"rt_fct_track_\" + runtime, rt_fct_track_)\n\nclass LogisticRegression_liblinear_solverliblinear_onnx_benchClassifier:\n    def setup_cache(self):  # pylint: disable=W0235\n        super().setup_cache()",
        "name": "linear_model.LogisticRegression.bench_LogisticRegression_liblinear_solverliblinear_onnx.LogisticRegression_liblinear_solverliblinear_onnx_benchClassifier.track_opset",
        "param_names": [
            "rt",
            "N",
            "nf",
            "opset",
            "dtype"
        ],
        "params": [
            [
                "'skl'",
                "'pyrt'"
            ],
            [
                "1",
                "100",
                "10000"
            ],
            [
                "4",
                "20"
            ],
            [
                "9",
                "10",
                "11"
            ],
            [
                "'float'"
            ]
        ],
        "setup_cache_key": "linear_model.LogisticRegression.bench_LogisticRegression_liblinear_solverliblinear_onnx:33",
        "timeout": 60.0,
        "type": "track",
        "unit": "unit",
        "version": "424995a6a9b603f2900c1d0e4b3d5c64db3385ac101833fb55a7e25ed2abd78e"
    },
    "linear_model.LogisticRegression.bench_LogisticRegression_liblinear_solverliblinear_onnx.LogisticRegression_liblinear_solverliblinear_onnx_benchClassifier.track_score": {
        "code": "class _CommonAsvSklBenchmark:\n    def track_score(self, runtime, N, nf, opset, dtype):\n        \"asv API\"\n        yp = getattr(self, \"rt_fct_track_\" + runtime)(self.X)\n        return self._score_metric(self.X, self.y, yp)\n\n    def setup(self, runtime, N, nf, opset, dtype):\n        \"asv API\"\n        logger = getLogger('skl2onnx')\n        logger.disabled = True\n        set_config(assume_finite=True)\n        with open(self._name(nf, opset, dtype), \"rb\") as f:\n            stored = pickle.load(f)\n        self.stored = stored\n        self.model = stored['model']\n        self.X, self.y = make_n_rows(stored['X'], N, stored['y'])\n        onx, rt_, rt_fct_, rt_fct_track_ = self._create_onnx_and_runtime(\n            runtime, self.model, self.X, opset, dtype)\n        self.onx = onx\n        setattr(self, \"rt_\" + runtime, rt_)\n        setattr(self, \"rt_fct_\" + runtime, rt_fct_)\n        setattr(self, \"rt_fct_track_\" + runtime, rt_fct_track_)\n\nclass LogisticRegression_liblinear_solverliblinear_onnx_benchClassifier:\n    def setup_cache(self):  # pylint: disable=W0235\n        super().setup_cache()",
        "name": "linear_model.LogisticRegression.bench_LogisticRegression_liblinear_solverliblinear_onnx.LogisticRegression_liblinear_solverliblinear_onnx_benchClassifier.track_score",
        "param_names": [
            "rt",
            "N",
            "nf",
            "opset",
            "dtype"
        ],
        "params": [
            [
                "'skl'",
                "'pyrt'"
            ],
            [
                "1",
                "100",
                "10000"
            ],
            [
                "4",
                "20"
            ],
            [
                "9",
                "10",
                "11"
            ],
            [
                "'float'"
            ]
        ],
        "setup_cache_key": "linear_model.LogisticRegression.bench_LogisticRegression_liblinear_solverliblinear_onnx:33",
        "timeout": 60.0,
        "type": "track",
        "unit": "unit",
        "version": "f939225d85ead75c8d2c835f8934566b9cfe8a6c277aacc8f23831977f1575ff"
    },
    "version": 2
}